Code.SeqNo,Code.CodeSet.CodingSystem.Mnemonic,Code.CodeSet.Table.Name,Code.Record,Code.Value,Code.Eligible.Table.Name,Code.Eligible.Description,Code.Discriminator2,Code.Description2:NL
10,Phoenix,MicroOrganism,Abiotadef,STRDEF,?,?,?,?
10,Phoenix,MicroOrganism,Abiotaspe,ABISPE,?,?,?,?
10,Phoenix,MicroOrganism,Acetorace,ACEACE,?,?,?,?
10,Phoenix,MicroOrganism,Acetorpas,ACEPAS,?,?,?,?
10,Phoenix,MicroOrganism,Acetorspe,ACESPE,?,?,?,?
10,Phoenix,MicroOrganism,Acholalai,ACHOLAI,?,?,?,?
10,Phoenix,MicroOrganism,Achrorden,ALCDEN,?,?,?,?
10,Phoenix,MicroOrganism,Achrorins,ACHRINS,?,?,?,?
10,Phoenix,MicroOrganism,Achrormuc,ACHRMUC,?,?,?,?
10,Phoenix,MicroOrganism,Achrorpie,ALCPIE,?,?,?,?
10,Phoenix,MicroOrganism,Achrorruh,ACHRRUH,?,?,?,?
10,Phoenix,MicroOrganism,Achrorspa,ACHRSPA,?,?,?,?
10,Phoenix,MicroOrganism,Achrorspe,ACHRSP,?,?,?,?
10,Phoenix,MicroOrganism,Achrorxyl,ACHRXY,?,?,?,?
10,Phoenix,MicroOrganism,Acidasfer,ACIAFER,?,?,?,?
10,Phoenix,MicroOrganism,Acidasint,ACIAINT,?,?,?,?
10,Phoenix,MicroOrganism,Acidipmaci,PROBACI,?,?,?,?
10,Phoenix,MicroOrganism,Acidipmjen,PROBJEN,?,?,?,?
10,Phoenix,MicroOrganism,Acidipmmic,ACIPMIC,?,?,?,?
10,Phoenix,MicroOrganism,Acidipmtho,ACIPTHO,?,?,?,?
10,Phoenix,MicroOrganism,Acidoxdel,ACIDDEL,?,?,?,?
10,Phoenix,MicroOrganism,Acidoxfac,ACIDFAC,?,?,?,?
10,Phoenix,MicroOrganism,Acidoxtem,ACIDTEM,?,?,?,?
10,Phoenix,MicroOrganism,Acidoxwau,ACIDWAU,?,?,?,?
10,Phoenix,MicroOrganism,Acinerbau,ACINBA,?,?,?,?
10,Phoenix,MicroOrganism,Acinerbay,ACINBAY,?,?,?,?
10,Phoenix,MicroOrganism,Acinerbei,ACINBEI,?,?,?,?
10,Phoenix,MicroOrganism,Acinerber,ACINGSP10,?,?,?,?
10,Phoenix,MicroOrganism,Acinerbou,ACINBOU,?,?,?,?
10,Phoenix,MicroOrganism,Acinercal,ACINCA,?,?,?,?
10,Phoenix,MicroOrganism,Acinercou,ACINCOU,?,?,?,?
10,Phoenix,MicroOrganism,Acinerdis,ACINDIS,?,?,?,?
10,Phoenix,MicroOrganism,Acinerger,ACINGER,?,?,?,?
10,Phoenix,MicroOrganism,Acinergui,ACINGU,?,?,?,?
10,Phoenix,MicroOrganism,Acinerhae,ACINHA,?,?,?,?
10,Phoenix,MicroOrganism,Acinerjoh,ACINJO,?,?,?,?
10,Phoenix,MicroOrganism,Acinerjun,ACINJU,?,?,?,?
10,Phoenix,MicroOrganism,Acinerlac,ACINLAC,?,?,?,?
10,Phoenix,MicroOrganism,Acinerlwo,ACINLW,?,?,?,?
10,Phoenix,MicroOrganism,Acinermod,ACINMOD,?,?,?,?
10,Phoenix,MicroOrganism,Acinernos,ACINGSP13,?,?,?,?
10,Phoenix,MicroOrganism,Acinerpar,ACINPA,?,?,?,?
10,Phoenix,MicroOrganism,Acinerpit,ACINGE3,?,?,?,?
10,Phoenix,MicroOrganism,Acinerpro,ACINPRO,?,?,?,?
10,Phoenix,MicroOrganism,Acinerrad,ACINRA,?,?,?,?
10,Phoenix,MicroOrganism,Acinersch,ACINSC,?,?,?,?
10,Phoenix,MicroOrganism,Acinerspe,ACINSP,?,?,?,?
10,Phoenix,MicroOrganism,Acinertan,ACINTAN,?,?,?,?
10,Phoenix,MicroOrganism,Acinertje,ACINTJE,?,?,?,?
10,Phoenix,MicroOrganism,Acinertow,ACINTOW,?,?,?,?
10,Phoenix,MicroOrganism,Acinerurs,ACINUR,?,?,?,?
10,Phoenix,MicroOrganism,Acinerven,ACINVEN,?,?,?,?
10,Phoenix,MicroOrganism,Actinbequ,ACTBEQU,?,?,?,?
10,Phoenix,MicroOrganism,Actinblig,ACTBLIG,?,?,?,?
10,Phoenix,MicroOrganism,Actinbple,ACTBPLE,?,?,?,?
10,Phoenix,MicroOrganism,Actinbros,ACTBROS,?,?,?,?
10,Phoenix,MicroOrganism,Actinbsem,ACTBSEM,?,?,?,?
10,Phoenix,MicroOrganism,Actinbspe,ACTBSPE,?,?,?,?
10,Phoenix,MicroOrganism,Actinbsui,ACTBSUI,?,?,?,?
10,Phoenix,MicroOrganism,Actinbure,ACTBURE,?,?,?,?
10,Phoenix,MicroOrganism,Actinmmas,ACTCMAS,?,?,?,?
10,Phoenix,MicroOrganism,Actinmspe,ACTCSPE,?,?,?,?
10,Phoenix,MicroOrganism,Actinmsui,ACTMSUI,?,?,?,?
10,Phoenix,MicroOrganism,Actinsbov,ACTMBOV,?,?,?,?
10,Phoenix,MicroOrganism,Actinsbow,ACTMBOW,?,?,?,?
10,Phoenix,MicroOrganism,Actinscat,ACTMCAT,?,?,?,?
10,Phoenix,MicroOrganism,Actinsden,ACTMDEA,?,?,?,?
10,Phoenix,MicroOrganism,Actinsdent,ACTMDEN,?,?,?,?
10,Phoenix,MicroOrganism,Actinsger,ACTMGER,?,?,?,?
10,Phoenix,MicroOrganism,Actinsgra,ACTMGRA,?,?,?,?
10,Phoenix,MicroOrganism,Actinsisr,ACTMISR,?,?,?,?
10,Phoenix,MicroOrganism,Actinsnae,ACTMNAE,?,?,?,?
10,Phoenix,MicroOrganism,Actinsori,ACTMORI,?,?,?,?
10,Phoenix,MicroOrganism,Actinsrad,ACTMRAC,?,?,?,?
10,Phoenix,MicroOrganism,Actinsspe,ACTMSPE,?,?,?,?
10,Phoenix,MicroOrganism,Actinsuro,ACTMURO,?,?,?,?
10,Phoenix,MicroOrganism,Actinsvis,ACTMVIS,?,?,?,?
10,Phoenix,MicroOrganism,Actinswei,ACTMWEI,?,?,?,?
10,Phoenix,MicroOrganism,Actingsan,ACTTSAN,?,?,?,?
10,Phoenix,MicroOrganism,Actingsch,ACTCSCH,?,?,?,?
10,Phoenix,MicroOrganism,Actinguri,ACTTURI,?,?,?,?
10,Phoenix,MicroOrganism,Advenainc,ADVINC,?,?,?,?
10,Phoenix,MicroOrganism,Advenakas,ADVKAS,?,?,?,?
10,Phoenix,MicroOrganism,Aerocschr,AERCCHR,?,?,?,?
10,Phoenix,MicroOrganism,Aerocssan,AEROSA,?,?,?,?
10,Phoenix,MicroOrganism,Aerocsspe,AERCSP,?,?,?,?
10,Phoenix,MicroOrganism,Aerocsuri,AERCURI,?,?,?,?
10,Phoenix,MicroOrganism,Aerocsurih,AERCURH,?,?,?,?
10,Phoenix,MicroOrganism,Aerocsvir,AERCVI,?,?,?,?
10,Phoenix,MicroOrganism,Aeromsbes,AERMBES,?,?,?,?
10,Phoenix,MicroOrganism,Aeromscav,AEROCA,?,?,?,?
10,Phoenix,MicroOrganism,Aeromseuc,AERMEUC,?,?,?,?
10,Phoenix,MicroOrganism,Aeromshyd,AERMHY,?,?,?,?
10,Phoenix,MicroOrganism,Aeromsjan,AERMJAN,?,?,?,?
10,Phoenix,MicroOrganism,Aeromsmed,AERMMED,?,?,?,?
10,Phoenix,MicroOrganism,Aeromspop,AERMPOP,?,?,?,?
10,Phoenix,MicroOrganism,Aeromssal,AERMSAL,?,?,?,?
10,Phoenix,MicroOrganism,Aeromssch,AERMSCH,?,?,?,?
10,Phoenix,MicroOrganism,Aeromsspe,AEROSP,?,?,?,?
10,Phoenix,MicroOrganism,Afipiabro,AFIBRO,?,?,?,?
10,Phoenix,MicroOrganism,Afipiafel,AFIFEL,?,?,?,?
10,Phoenix,MicroOrganism,Afipiamas,AFIMAS,?,?,?,?
10,Phoenix,MicroOrganism,Aggreract,ACTBACT,?,?,?,?
10,Phoenix,MicroOrganism,Aggreraph,HAEAPHPAR,?,?,?,?
10,Phoenix,MicroOrganism,Aggrerseg,HAESEG,?,?,?,?
10,Phoenix,MicroOrganism,Agrobmrad,RHIZRA,?,?,?,?
10,Phoenix,MicroOrganism,Alcalsfae,ALCAFA,?,?,?,?
10,Phoenix,MicroOrganism,Alcalsspe,ALCASP,?,?,?,?
10,Phoenix,MicroOrganism,Alicysaci,ALICACI,?,?,?,?
10,Phoenix,MicroOrganism,Alicyscon,ALICCON,?,?,?,?
10,Phoenix,MicroOrganism,Alicysfas,ALICFAS,?,?,?,?
10,Phoenix,MicroOrganism,Alicysher,ALICHER,?,?,?,?
10,Phoenix,MicroOrganism,Alicyshes,ALICHES,?,?,?,?
10,Phoenix,MicroOrganism,Alicysmac,ALICMAC,?,?,?,?
10,Phoenix,MicroOrganism,Alicyspom,ALICPOM,?,?,?,?
10,Phoenix,MicroOrganism,Alicyssac,ALICSAC,?,?,?,?
10,Phoenix,MicroOrganism,Alicyssen,ALICSEN,?,?,?,?
10,Phoenix,MicroOrganism,Alicysshi,ALICSHI,?,?,?,?
10,Phoenix,MicroOrganism,Alicysspe,ALICSPE,?,?,?,?
10,Phoenix,MicroOrganism,Alicysvul,ALICVUL,?,?,?,?
10,Phoenix,MicroOrganism,Alishafet,ALHFET,?,?,?,?
10,Phoenix,MicroOrganism,Alistsfin,ALIFIN,?,?,?,?
10,Phoenix,MicroOrganism,Alistsind,ALIIND,?,?,?,?
10,Phoenix,MicroOrganism,Alistsond,ALIOND,?,?,?,?
10,Phoenix,MicroOrganism,Alistsput,BACTPUT,?,?,?,?
10,Phoenix,MicroOrganism,Alistssha,ALISHA,?,?,?,?
10,Phoenix,MicroOrganism,Alistsspe,ALISPE,?,?,?,?
10,Phoenix,MicroOrganism,Alloisoti,ALLOTI,?,?,?,?
10,Phoenix,MicroOrganism,Alloisspe,ALLSPE,?,?,?,?
10,Phoenix,MicroOrganism,Alloparav,ALLPRAV,?,?,?,?
10,Phoenix,MicroOrganism,Allopatan,PRETAN,?,?,?,?
10,Phoenix,MicroOrganism,Allosaomn,ALLSOMN,?,?,?,?
10,Phoenix,MicroOrganism,Alteraspe,ALTSPE,?,?,?,?
10,Phoenix,MicroOrganism,Anaermsuc,ANABSUC,?,?,?,?
10,Phoenix,MicroOrganism,Anaersdeg,ANACDEG,?,?,?,?
10,Phoenix,MicroOrganism,Anaershyd,PEPSHYD,?,?,?,?
10,Phoenix,MicroOrganism,Anaerslac,PEPSLAT,?,?,?,?
10,Phoenix,MicroOrganism,Anaersmur,ANACMUR,?,?,?,?
10,Phoenix,MicroOrganism,Anaersnag,ANACNAG,?,?,?,?
10,Phoenix,MicroOrganism,Anaersoct,PEPSOCT,?,?,?,?
10,Phoenix,MicroOrganism,Anaerspre,PEPSPRE,?,?,?,?
10,Phoenix,MicroOrganism,Anaersspe,ANACSPE,?,?,?,?
10,Phoenix,MicroOrganism,Anaerstet,PEPSTET,?,?,?,?
10,Phoenix,MicroOrganism,Anaersvag,PEPSVAG,?,?,?,?
10,Phoenix,MicroOrganism,Aneursane,ANEANE,?,?,?,?
10,Phoenix,MicroOrganism,Aneursmig,ANEMIG,?,?,?,?
10,Phoenix,MicroOrganism,Apiotmgra,TRIGRA,?,?,?,?
10,Phoenix,MicroOrganism,Apiotmlou,TRILOU,?,?,?,?
10,Phoenix,MicroOrganism,Apiotmmon,APIMON,?,?,?,?
10,Phoenix,MicroOrganism,Arachapro,ARACPRO,?,?,?,?
10,Phoenix,MicroOrganism,Arcanmhae,ARCAHA,?,?,?,?
10,Phoenix,MicroOrganism,Arcanmspe,ARCASPE,?,?,?,?
10,Phoenix,MicroOrganism,Arcobrbut,ARCOBUT,?,?,?,?
10,Phoenix,MicroOrganism,Arcobrcry,ARCOCRY,?,?,?,?
10,Phoenix,MicroOrganism,Arcobrnit,ARCONIT,?,?,?,?
10,Phoenix,MicroOrganism,Arcobrski,ARCOSKI,?,?,?,?
10,Phoenix,MicroOrganism,Arcobrspe,ARCOSPE,?,?,?,?
10,Phoenix,MicroOrganism,Arthrrlut,ARTLUT,?,?,?,?
10,Phoenix,MicroOrganism,Arthrrspe,ARTSPE,?,?,?,?
10,Phoenix,MicroOrganism,Arthrrwol,ARTWOL,?,?,?,?
10,Phoenix,MicroOrganism,Arthraebo,ARTDEBO,?,?,?,?
10,Phoenix,MicroOrganism,Aspersams,ASPAMS,?,?,?,?
10,Phoenix,MicroOrganism,Aspersbra,ASPBRA,?,?,?,?
10,Phoenix,MicroOrganism,Asperscal,ASPCAL,?,?,?,?
10,Phoenix,MicroOrganism,Aspersfis,ASPFIS,?,?,?,?
10,Phoenix,MicroOrganism,Aspersfla,ASPFLA,?,?,?,?
10,Phoenix,MicroOrganism,Aspersfum,ASPFUM,?,?,?,?
10,Phoenix,MicroOrganism,Aspersnig,ASPNIG,?,?,?,?
10,Phoenix,MicroOrganism,Aspersnom,ASPNOM,?,?,?,?
10,Phoenix,MicroOrganism,Aspersspe,ASPSPE,?,?,?,?
10,Phoenix,MicroOrganism,Asperster,ASPTER,?,?,?,?
10,Phoenix,MicroOrganism,Atopommin,ATOMIN,?,?,?,?
10,Phoenix,MicroOrganism,Atopomspe,ATOSPE,?,?,?,?
10,Phoenix,MicroOrganism,Aureisalt,AURAALT,?,?,?,?
10,Phoenix,MicroOrganism,Aureompul,AURPUL,?,?,?,?
10,Phoenix,MicroOrganism,Aureomspe,AURSPE,?,?,?,?
10,Phoenix,MicroOrganism,Avibamavi,AVIAVI,?,?,?,?
10,Phoenix,MicroOrganism,Avibamend,AVIEND,?,?,?,?
10,Phoenix,MicroOrganism,Avibamgal,PASGAL,?,?,?,?
10,Phoenix,MicroOrganism,Avibamvol,PASVOL,?,?,?,?
10,Phoenix,MicroOrganism,Bacilsamy,BACIAMY,?,?,?,?
10,Phoenix,MicroOrganism,Bacilsant,BACIANT,?,?,?,?
10,Phoenix,MicroOrganism,Bacilsatr,BACIATR,?,?,?,?
10,Phoenix,MicroOrganism,Bacilsbad,BACIBAD,?,?,?,?
10,Phoenix,MicroOrganism,Bacilscer,BACICE,?,?,?,?
10,Phoenix,MicroOrganism,Bacilslic,BACILIC,?,?,?,?
10,Phoenix,MicroOrganism,Bacilsmyc,BACIMYC,?,?,?,?
10,Phoenix,MicroOrganism,Bacilspum,BACIPUM,?,?,?,?
10,Phoenix,MicroOrganism,Bacilsspe,BACISPE,?,?,?,?
10,Phoenix,MicroOrganism,Bacilssub,BACISU,?,?,?,?
10,Phoenix,MicroOrganism,Bacilsthu,BACITHU,?,?,?,?
10,Phoenix,MicroOrganism,Bacterie,BACT,?,?,?,?
10,Phoenix,MicroOrganism,Bactescac,BACTCAC,?,?,?,?
10,Phoenix,MicroOrganism,Bactescel,BACTCEL,?,?,?,?
10,Phoenix,MicroOrganism,Bactescla,BACTCLA,?,?,?,?
10,Phoenix,MicroOrganism,Bactesegg,BACTEGG,?,?,?,?
10,Phoenix,MicroOrganism,Bactesfae,BACTFAE,?,?,?,?
10,Phoenix,MicroOrganism,Bactesfin,BACTFIN,?,?,?,?
10,Phoenix,MicroOrganism,Bactesflu,BACTFLU,?,?,?,?
10,Phoenix,MicroOrganism,Bactesfra,BACTFRA,?,?,?,?
10,Phoenix,MicroOrganism,Bactesgal,BACTGAL,?,?,?,?
10,Phoenix,MicroOrganism,Bactesint,BACTINT,?,?,?,?
10,Phoenix,MicroOrganism,Bactesnor,BACTNOR,?,?,?,?
10,Phoenix,MicroOrganism,Bactesole,BACTOLE,?,?,?,?
10,Phoenix,MicroOrganism,Bactesova,BACTOVA,?,?,?,?
10,Phoenix,MicroOrganism,Bactespyo,BACTTEC,?,?,?,?
10,Phoenix,MicroOrganism,Bactessal,BACTSAL,?,?,?,?
10,Phoenix,MicroOrganism,Bactesspe,BACTSPE,?,?,?,?
10,Phoenix,MicroOrganism,Bactesste,BACTSTI,?,?,?,?
10,Phoenix,MicroOrganism,Bactesthe,BACTTHE,?,?,?,?
10,Phoenix,MicroOrganism,Bactesuni,BACTUNI,?,?,?,?
10,Phoenix,MicroOrganism,Balnexalp,BALALP,?,?,?,?
10,Phoenix,MicroOrganism,Bartoaspe,BARSPE,?,?,?,?
10,Phoenix,MicroOrganism,Bergeazoo,BERZO,?,?,?,?
10,Phoenix,MicroOrganism,Biberatre,PASTRE,?,?,?,?
10,Phoenix,MicroOrganism,Bifidmado,BIFADO,?,?,?,?
10,Phoenix,MicroOrganism,Bifidmang,BIFANG,?,?,?,?
10,Phoenix,MicroOrganism,Bifidmbif,BIFBIF,?,?,?,?
10,Phoenix,MicroOrganism,Bifidmbre,BIFBRE,?,?,?,?
10,Phoenix,MicroOrganism,Bifidmcat,BIFCAT,?,?,?,?
10,Phoenix,MicroOrganism,Bifidmden,BIFDEN,?,?,?,?
10,Phoenix,MicroOrganism,Bifidmgal,BIFGAL,?,?,?,?
10,Phoenix,MicroOrganism,Bifidmlon,BIFLON,?,?,?,?
10,Phoenix,MicroOrganism,Bifidmpse,BIFPSC,?,?,?,?
10,Phoenix,MicroOrganism,Bifidmpsel,BIFPSE,?,?,?,?
10,Phoenix,MicroOrganism,Bifidmsca,BIFSCA,?,?,?,?
10,Phoenix,MicroOrganism,Bifidmspe,BIFSPE,?,?,?,?
10,Phoenix,MicroOrganism,Bilopaspe,BILSPE,?,?,?,?
10,Phoenix,MicroOrganism,Bilopawad,BILWAD,?,?,?,?
10,Phoenix,MicroOrganism,Blautacoc,BLAUCOC,?,?,?,?
10,Phoenix,MicroOrganism,Bordeaavi,BORAVI,?,?,?,?
10,Phoenix,MicroOrganism,Bordeabro,BORBROS,?,?,?,?
10,Phoenix,MicroOrganism,Bordeahin,BORHIN,?,?,?,?
10,Phoenix,MicroOrganism,Bordeahol,BORHOL,?,?,?,?
10,Phoenix,MicroOrganism,Bordeapar,BORPAR,?,?,?,?
10,Phoenix,MicroOrganism,Bordeaper,BORPER,?,?,?,?
10,Phoenix,MicroOrganism,Bordeapet,BORPET,?,?,?,?
10,Phoenix,MicroOrganism,Bordeaspe,BORSPE,?,?,?,?
10,Phoenix,MicroOrganism,Bordeatre,BORTRE,?,?,?,?
10,Phoenix,MicroOrganism,Borreabur,BOIBUR,?,?,?,?
10,Phoenix,MicroOrganism,Borreaspe,BOISPE,?,?,?,?
10,Phoenix,MicroOrganism,Bowdeanas,BOWNAS,?,?,?,?
10,Phoenix,MicroOrganism,Brachainn,BRACINN,?,?,?,?
10,Phoenix,MicroOrganism,Brachaint,BRACINT,?,?,?,?
10,Phoenix,MicroOrganism,Brachapil,BRACPIL,?,?,?,?
10,Phoenix,MicroOrganism,Bradymspe,BRADSPE,?,?,?,?
10,Phoenix,MicroOrganism,Brevisagr,BRESAGR,?,?,?,?
10,Phoenix,MicroOrganism,Brevisbor,BRESBOR,?,?,?,?
10,Phoenix,MicroOrganism,Brevisbre,BACIBRE,?,?,?,?
10,Phoenix,MicroOrganism,Brevislat,BACILAT,?,?,?,?
10,Phoenix,MicroOrganism,Brevispar,BRESPAR,?,?,?,?
10,Phoenix,MicroOrganism,Brevisspe,BRESSPE,?,?,?,?
10,Phoenix,MicroOrganism,Brevimcas,BREICAS,?,?,?,?
10,Phoenix,MicroOrganism,Brevimlin,BREILIN,?,?,?,?
10,Phoenix,MicroOrganism,Brevimlut,BREILUT,?,?,?,?
10,Phoenix,MicroOrganism,Brevimoti,BREIOTI,?,?,?,?
10,Phoenix,MicroOrganism,Brevimpau,BREIPAU,?,?,?,?
10,Phoenix,MicroOrganism,Brevimrav,BREIRAV,?,?,?,?
10,Phoenix,MicroOrganism,Brevimspe,BREVSP,?,?,?,?
10,Phoenix,MicroOrganism,Brevusdim,BREUDIM,?,?,?,?
10,Phoenix,MicroOrganism,Brevusspe,BREUSPE,?,?,?,?
10,Phoenix,MicroOrganism,Brevusves,BREUVES,?,?,?,?
10,Phoenix,MicroOrganism,Bruceamel,BRUMEL,?,?,?,?
10,Phoenix,MicroOrganism,Bruceaspe,BRUSPE,?,?,?,?
10,Phoenix,MicroOrganism,Buchaahor,ACTMHOR,?,?,?,?
10,Phoenix,MicroOrganism,Budviaaqu,BUDAQU,?,?,?,?
10,Phoenix,MicroOrganism,Budviaspe,BUDSPE,?,?,?,?
10,Phoenix,MicroOrganism,Bulleaext,BULEXT,?,?,?,?
10,Phoenix,MicroOrganism,Burkhacep,BURKCE,?,?,?,?
10,Phoenix,MicroOrganism,Ralstapic,BURKPI,?,?,?,?
10,Phoenix,MicroOrganism,Burkhadif,BURDIF,?,?,?,?
10,Phoenix,MicroOrganism,Burkhagla,BURKGL,?,?,?,?
10,Phoenix,MicroOrganism,Burkhalate,BURLAT,?,?,?,?
10,Phoenix,MicroOrganism,Burkhamal,BURMAL,?,?,?,?
10,Phoenix,MicroOrganism,Burkhamet,BURMET,?,?,?,?
10,Phoenix,MicroOrganism,Burkhamul,BURMUL,?,?,?,?
10,Phoenix,MicroOrganism,Burkhapse,BURPSE,?,?,?,?
10,Phoenix,MicroOrganism,Burkhapyr,BURPYR,?,?,?,?
10,Phoenix,MicroOrganism,Burkhasem,BURSEM,?,?,?,?
10,Phoenix,MicroOrganism,Burkhaspe,BURSPE,?,?,?,?
10,Phoenix,MicroOrganism,Buttiaagr,BUTTAGR,?,?,?,?
10,Phoenix,MicroOrganism,Buttiabre,BUTTBRE,?,?,?,?
10,Phoenix,MicroOrganism,Buttiafer,BUTTFER,?,?,?,?
10,Phoenix,MicroOrganism,Buttiagav,BUTTGAV,?,?,?,?
10,Phoenix,MicroOrganism,Buttiaiza,BUTTIZA,?,?,?,?
10,Phoenix,MicroOrganism,Buttianoa,BUTTNOA,?,?,?,?
10,Phoenix,MicroOrganism,Buttiaspe,BUTTSPE,?,?,?,?
10,Phoenix,MicroOrganism,Buttiawar,BUTTWAR,?,?,?,?
10,Phoenix,MicroOrganism,Campyravi,CAMAVI,?,?,?,?
10,Phoenix,MicroOrganism,Campyrcan,CAMCAN,?,?,?,?
10,Phoenix,MicroOrganism,Campyrcol,CAMCOL,?,?,?,?
10,Phoenix,MicroOrganism,Campyrcon,CAMCON,?,?,?,?
10,Phoenix,MicroOrganism,Campyrcur,CAMCUR,?,?,?,?
10,Phoenix,MicroOrganism,Campyrfet,CAMFET,?,?,?,?
10,Phoenix,MicroOrganism,Campyrgra,CAMGRA,?,?,?,?
10,Phoenix,MicroOrganism,Campyrhel,CAMHEL,?,?,?,?
10,Phoenix,MicroOrganism,Campyrhom,CAMHOM,?,?,?,?
10,Phoenix,MicroOrganism,Campyrhyo,CAMHYO,?,?,?,?
10,Phoenix,MicroOrganism,Campyrjej,CAMJEJ,?,?,?,?
10,Phoenix,MicroOrganism,Campyrlan,CAMLAN,?,?,?,?
10,Phoenix,MicroOrganism,Campyrlar,CAMLAR,?,?,?,?
10,Phoenix,MicroOrganism,Campyrpel,CAMPEL,?,?,?,?
10,Phoenix,MicroOrganism,Campyrrec,CAMRET,?,?,?,?
10,Phoenix,MicroOrganism,Campyrsho,CAMSHO,?,?,?,?
10,Phoenix,MicroOrganism,Campyrspe,CAMSPE,?,?,?,?
10,Phoenix,MicroOrganism,Campyrspu,CAMSPU,?,?,?,?
10,Phoenix,MicroOrganism,Campyrups,CAMUPS,?,?,?,?
10,Phoenix,MicroOrganism,Campyrure,BACTURE,?,?,?,?
10,Phoenix,MicroOrganism,Candiaalb,CANALB,?,?,?,?
10,Phoenix,MicroOrganism,Candiaaur,CANAUR,?,?,?,?
10,Phoenix,MicroOrganism,Candiabla,CANBLA,?,?,?,?
10,Phoenix,MicroOrganism,Candiaboi,CANBOI,?,?,?,?
10,Phoenix,MicroOrganism,Candiabra,CANBRA,?,?,?,?
10,Phoenix,MicroOrganism,Candiacas,CANCAS,?,?,?,?
10,Phoenix,MicroOrganism,Candiacol,CANCOL,?,?,?,?
10,Phoenix,MicroOrganism,Candiadub,CANDUB,?,?,?,?
10,Phoenix,MicroOrganism,Candiafre,CANFRE,?,?,?,?
10,Phoenix,MicroOrganism,Candiafri,CANFRD,?,?,?,?
10,Phoenix,MicroOrganism,Candiafrij,CANFRJ,?,?,?,?
10,Phoenix,MicroOrganism,Candiagla,TORGLA,?,?,?,?
10,Phoenix,MicroOrganism,Candiainc,CANINC,?,?,?,?
10,Phoenix,MicroOrganism,Candiaint,CANINT,?,?,?,?
10,Phoenix,MicroOrganism,Candiamem,CANMEM,?,?,?,?
10,Phoenix,MicroOrganism,Candiamet,CANMET,?,?,?,?
10,Phoenix,MicroOrganism,Candianiv,CANNIV,?,?,?,?
10,Phoenix,MicroOrganism,Candianori,CANNOI,?,?,?,?
10,Phoenix,MicroOrganism,Candiaort,CANORT,?,?,?,?
10,Phoenix,MicroOrganism,Candiapar,CANPARP,?,?,?,?
10,Phoenix,MicroOrganism,Candiapar-c,CANPARPX,?,?,?,?
10,Phoenix,MicroOrganism,Candiapse,CANPSH,?,?,?,?
10,Phoenix,MicroOrganism,Candiarug,CANRUP,?,?,?,?
10,Phoenix,MicroOrganism,Candiasak,CANSAK,?,?,?,?
10,Phoenix,MicroOrganism,Candiaspe,CANSPE,?,?,?,?
10,Phoenix,MicroOrganism,Candiatro,CANTRO,?,?,?,?
10,Phoenix,MicroOrganism,Candiavis,CANVIS,?,?,?,?
10,Phoenix,MicroOrganism,Candiazey,CANZEY,?,?,?,?
10,Phoenix,MicroOrganism,Canibrori,CAIORI,?,?,?,?
10,Phoenix,MicroOrganism,Capnoacan,CAPCAN,?,?,?,?
10,Phoenix,MicroOrganism,Capnoacyn,CAPCYN,?,?,?,?
10,Phoenix,MicroOrganism,Capnoagin,CAPGIN,?,?,?,?
10,Phoenix,MicroOrganism,Capnoagra,CAPGRA,?,?,?,?
10,Phoenix,MicroOrganism,Capnoahae,CAPHAE,?,?,?,?
10,Phoenix,MicroOrganism,Capnoaoch,CAPOCH,?,?,?,?
10,Phoenix,MicroOrganism,Capnoaspe,CAPSPE,?,?,?,?
10,Phoenix,MicroOrganism,Capnoaspu,CAPSPU,?,?,?,?
10,Phoenix,MicroOrganism,Cardimhom,CARHOM,?,?,?,?
10,Phoenix,MicroOrganism,Cardimspe,CARSPE,?,?,?,?
10,Phoenix,MicroOrganism,Cardimval,CARVAL,?,?,?,?
10,Phoenix,MicroOrganism,Caulorspe,CAUSPE,?,?,?,?
10,Phoenix,MicroOrganism,Cedecadav,CEDEDA,?,?,?,?
10,Phoenix,MicroOrganism,Cedecalap,CEDLAP,?,?,?,?
10,Phoenix,MicroOrganism,Cedecanet,CEDNET,?,?,?,?
10,Phoenix,MicroOrganism,Cedecaspe,CEDSPE,?,?,?,?
10,Phoenix,MicroOrganism,Cellumcel,OERXAN,?,?,?,?
10,Phoenix,MicroOrganism,Cetobmsom,CETSOM,?,?,?,?
10,Phoenix,MicroOrganism,Chrommspe,CHROSPE,?,?,?,?
10,Phoenix,MicroOrganism,Chrommvio,CHROVIO,?,?,?,?
10,Phoenix,MicroOrganism,Chrysmgle,CHRYGL,?,?,?,?
10,Phoenix,MicroOrganism,Chrysmind,CHRYIN,?,?,?,?
10,Phoenix,MicroOrganism,Chrysmjoo,CHRBJOO,?,?,?,?
10,Phoenix,MicroOrganism,Chrysmsco,CHRBSCO,?,?,?,?
10,Phoenix,MicroOrganism,Chrysmspe,ELIZSP,?,?,?,?
10,Phoenix,MicroOrganism,Citrorama,CITRAM,?,?,?,?
10,Phoenix,MicroOrganism,Citrorbra,CITRBR,?,?,?,?
10,Phoenix,MicroOrganism,Citrorfar,CITRFA,?,?,?,?
10,Phoenix,MicroOrganism,Citrorfre,CITRFR,?,?,?,?
10,Phoenix,MicroOrganism,Citrorgil,CITRGI,?,?,?,?
10,Phoenix,MicroOrganism,Citrorkos,CITRKO,?,?,?,?
10,Phoenix,MicroOrganism,Citrormur,CITRMU,?,?,?,?
10,Phoenix,MicroOrganism,Citrorrod,CITSPE9,?,?,?,?
10,Phoenix,MicroOrganism,Citrorsed,CITRSE,?,?,?,?
10,Phoenix,MicroOrganism,Citrorspe,CITRSP,?,?,?,?
10,Phoenix,MicroOrganism,Citrorwer,CITRWE,?,?,?,?
10,Phoenix,MicroOrganism,Citroryou,CITRYO,?,?,?,?
10,Phoenix,MicroOrganism,Clavirmic,CLAMIC,?,?,?,?
10,Phoenix,MicroOrganism,Clavialus,CLASLUS,?,?,?,?
10,Phoenix,MicroOrganism,Clostsdif,CLODIF,?,?,?,?
10,Phoenix,MicroOrganism,Clostmace,CLOACO,?,?,?,?
10,Phoenix,MicroOrganism,Clostmbar,CLOBAR,?,?,?,?
10,Phoenix,MicroOrganism,Clostmbei,CLOBEI,?,?,?,?
10,Phoenix,MicroOrganism,Clostmbot,CLOBOT,?,?,?,?
10,Phoenix,MicroOrganism,Clostmbut,CLOBUT,?,?,?,?
10,Phoenix,MicroOrganism,Clostmcad,CLOCAD,?,?,?,?
10,Phoenix,MicroOrganism,Clostmcarn,CLOCAR,?,?,?,?
10,Phoenix,MicroOrganism,Clostmcha,CLOCHA,?,?,?,?
10,Phoenix,MicroOrganism,Clostmcoc,CLOCOH,?,?,?,?
10,Phoenix,MicroOrganism,Clostmfal,CLOFAL,?,?,?,?
10,Phoenix,MicroOrganism,Clostmhae,CLOHAE,?,?,?,?
10,Phoenix,MicroOrganism,Clostminn,CLOINN,?,?,?,?
10,Phoenix,MicroOrganism,Clostmint,CLOINT,?,?,?,?
10,Phoenix,MicroOrganism,Clostmmal,CLOMAL,?,?,?,?
10,Phoenix,MicroOrganism,Clostmnov,CLONOV,?,?,?,?
10,Phoenix,MicroOrganism,Clostmpar,CLOPAR,?,?,?,?
10,Phoenix,MicroOrganism,Clostmper,CLOPER,?,?,?,?
10,Phoenix,MicroOrganism,Clostmram,CLORAM,?,?,?,?
10,Phoenix,MicroOrganism,Clostmsar,CLOSAR,?,?,?,?
10,Phoenix,MicroOrganism,Clostmsart,CLOSAT,?,?,?,?
10,Phoenix,MicroOrganism,Clostmcad,CLOCAD,?,?,?,?
10,Phoenix,MicroOrganism,Clostmsci,CLOSCI,?,?,?,?
10,Phoenix,MicroOrganism,Clostmsep,CLOSEP,?,?,?,?
10,Phoenix,MicroOrganism,Clostmspe,CLOSPE,?,?,?,?
10,Phoenix,MicroOrganism,Clostmspi,CLOSPI,?,?,?,?
10,Phoenix,MicroOrganism,Clostmspo,CLOSPO,?,?,?,?
10,Phoenix,MicroOrganism,Clostmspos,CLOSPS,?,?,?,?
10,Phoenix,MicroOrganism,Clostmsub,CLOSUB,?,?,?,?
10,Phoenix,MicroOrganism,Clostmsym,CLOSYM,?,?,?,?
10,Phoenix,MicroOrganism,Clostmter,CLOTER,?,?,?,?
10,Phoenix,MicroOrganism,Clostmtet,CLOTET,?,?,?,?
10,Phoenix,MicroOrganism,Clostmtyr,CLOTYR,?,?,?,?
10,Phoenix,MicroOrganism,Collemglo,COLTGLO,?,?,?,?
10,Phoenix,MicroOrganism,Colliaaer,EUBAER,?,?,?,?
10,Phoenix,MicroOrganism,Comamsaqu,COMAQU,?,?,?,?
10,Phoenix,MicroOrganism,Comamsker,COMKER,?,?,?,?
10,Phoenix,MicroOrganism,Comamsnit,COMNIT,?,?,?,?
10,Phoenix,MicroOrganism,Comamsspe,COMASP,?,?,?,?
10,Phoenix,MicroOrganism,Comamster,COMATR,?,?,?,?
10,Phoenix,MicroOrganism,Comamstes,COMATE,?,?,?,?
10,Phoenix,MicroOrganism,Corynmacc,CORACC,?,?,?,?
10,Phoenix,MicroOrganism,Corynmafe,CORAFE,?,?,?,?
10,Phoenix,MicroOrganism,Corynmamy,CORAMY,?,?,?,?
10,Phoenix,MicroOrganism,Corynmarg,CORARG,?,?,?,?
10,Phoenix,MicroOrganism,Corynmauru,CORYAU,?,?,?,?
10,Phoenix,MicroOrganism,Corynmaur,CORAUR,?,?,?,?
10,Phoenix,MicroOrganism,Corynmbov,CORBOV,?,?,?,?
10,Phoenix,MicroOrganism,Corynmcon,CORCON,?,?,?,?
10,Phoenix,MicroOrganism,Corynmcoy,CORCOY,?,?,?,?
10,Phoenix,MicroOrganism,Corynmcys,CORCYS,?,?,?,?
10,Phoenix,MicroOrganism,Corynmdip,CORDIP,?,?,?,?
10,Phoenix,MicroOrganism,Corynmdur,CORDUR,?,?,?,?
10,Phoenix,MicroOrganism,Corynmfal,CORFAL,?,?,?,?
10,Phoenix,MicroOrganism,Corynmfla,CORFLA,?,?,?,?
10,Phoenix,MicroOrganism,Corynmfre,CORFRE,?,?,?,?
10,Phoenix,MicroOrganism,Corynmglu,CORGLC,?,?,?,?
10,Phoenix,MicroOrganism,Corynmglut,CORGLT,?,?,?,?
10,Phoenix,MicroOrganism,Corynmimi,CORIMI,?,?,?,?
10,Phoenix,MicroOrganism,Corynmjei,CORJEI,?,?,?,?
10,Phoenix,MicroOrganism,Corynmkro,CORKRO,?,?,?,?
10,Phoenix,MicroOrganism,Corynmkut,CORKUT,?,?,?,?
10,Phoenix,MicroOrganism,Corynmlip,CORLIP,?,?,?,?
10,Phoenix,MicroOrganism,Corynmmac,CORMAC,?,?,?,?
10,Phoenix,MicroOrganism,Corynmmas,CORMAS,?,?,?,?
10,Phoenix,MicroOrganism,Corynmmat,CORMAT,?,?,?,?
10,Phoenix,MicroOrganism,Corynmmin,CORMIN,?,?,?,?
10,Phoenix,MicroOrganism,Corynmmuc,CORMUC,?,?,?,?
10,Phoenix,MicroOrganism,Corynmmyc,CORMYC,?,?,?,?
10,Phoenix,MicroOrganism,Corynmpil,CORPIL,?,?,?,?
10,Phoenix,MicroOrganism,Corynmpro,CORPRO,?,?,?,?
10,Phoenix,MicroOrganism,Corynmpse,CORPSD,?,?,?,?
10,Phoenix,MicroOrganism,Corynmpset,CORPST,?,?,?,?
10,Phoenix,MicroOrganism,Corynmren,CORREN,?,?,?,?
10,Phoenix,MicroOrganism,Corynmres,CORRES,?,?,?,?
10,Phoenix,MicroOrganism,Corynmrie,CORRIE,?,?,?,?
10,Phoenix,MicroOrganism,Corynmsin,CORSIN,?,?,?,?
10,Phoenix,MicroOrganism,Corynmspe,CORSPE,?,?,?,?
10,Phoenix,MicroOrganism,Corynmstr,CORYST,?,?,?,?
10,Phoenix,MicroOrganism,Corynmsun,CORSUN,?,?,?,?
10,Phoenix,MicroOrganism,Corynmtho,CORTHO,?,?,?,?
10,Phoenix,MicroOrganism,Corynmtub,CORTUB,?,?,?,?
10,Phoenix,MicroOrganism,Corynmtus,CORTUS,?,?,?,?
10,Phoenix,MicroOrganism,Corynmulc,CORULC,?,?,?,?
10,Phoenix,MicroOrganism,Corynmure,CORURE,?,?,?,?
10,Phoenix,MicroOrganism,Corynmurei,CORURI,?,?,?,?
10,Phoenix,MicroOrganism,Corynmvar,CORVAR,?,?,?,?
10,Phoenix,MicroOrganism,Corynmvit,CORVIT,?,?,?,?
10,Phoenix,MicroOrganism,Corynmxer,CORXER,?,?,?,?
10,Phoenix,MicroOrganism,Cosenamyx,PROTMYX,?,?,?,?
10,Phoenix,MicroOrganism,Cronorspe,CRONSPE,?,?,?,?
10,Phoenix,MicroOrganism,Cryptsgat,CRYNEOG,?,?,?,?
10,Phoenix,MicroOrganism,Cryptsmac,CRYMAR,?,?,?,?
10,Phoenix,MicroOrganism,Cryptsneo,CRYNEO,?,?,?,?
10,Phoenix,MicroOrganism,Cryptssai,CRYSAI,?,?,?,?
10,Phoenix,MicroOrganism,Cryptsspe,CRYSPE,?,?,?,?
10,Phoenix,MicroOrganism,Cuprisbas,CUPBAS,?,?,?,?
10,Phoenix,MicroOrganism,Cuprisgil,CUPRGI,?,?,?,?
10,Phoenix,MicroOrganism,Cuprispau,CDCIVC2,?,?,?,?
10,Phoenix,MicroOrganism,Curtomalb,CURTALB,?,?,?,?
10,Phoenix,MicroOrganism,Curtomfla,CURTFLA,?,?,?,?
10,Phoenix,MicroOrganism,Curtomlut,CURTLUT,?,?,?,?
10,Phoenix,MicroOrganism,Curtomspe,CURTSPE,?,?,?,?
10,Phoenix,MicroOrganism,Curvirfon,CURBFON,?,?,?,?
10,Phoenix,MicroOrganism,Cutanncur,CRYCUR,?,?,?,?
10,Phoenix,MicroOrganism,Cutanncut,TRICUT,?,?,?,?
10,Phoenix,MicroOrganism,Cutanndeb,TRIDEB,?,?,?,?
10,Phoenix,MicroOrganism,Cutannder,CUTTDER,?,?,?,?
10,Phoenix,MicroOrganism,Cutnnjir,TRIJIR,?,?,?,?
10,Phoenix,MicroOrganism,Cutannmuc,TRIMUC,?,?,?,?
10,Phoenix,MicroOrganism,Cutibmacn,PROBACN,?,?,?,?
10,Phoenix,MicroOrganism,Cutibmavi,PROBAVI,?,?,?,?
10,Phoenix,MicroOrganism,Cutibmgra,PROBGRA,?,?,?,?
10,Phoenix,MicroOrganism,Cyberajad,CYBJAD,?,?,?,?
10,Phoenix,MicroOrganism,Cystommin,RHOTMIN,?,?,?,?
10,Phoenix,MicroOrganism,Cytobsfir,BACIFIR,?,?,?,?
10,Phoenix,MicroOrganism,Debarshan,DEBHAN,?,?,?,?
10,Phoenix,MicroOrganism,Deinosspe,DEISPE,?,?,?,?
10,Phoenix,MicroOrganism,Delftaaci,COMAAC,?,?,?,?
10,Phoenix,MicroOrganism,Delftalit,DELFLIT,?,?,?,?
10,Phoenix,MicroOrganism,Dermarhom,DERBHOM,?,?,?,?
10,Phoenix,MicroOrganism,Dermarspe,DERBSPE,?,?,?,?
10,Phoenix,MicroOrganism,Dermacnis,MICNIS,?,?,?,?
10,Phoenix,MicroOrganism,Dermacspe,DERCSPE,?,?,?,?
10,Phoenix,MicroOrganism,Dermascon,DERTCON,?,?,?,?
10,Phoenix,MicroOrganism,Desulopig,DESMPIG,?,?,?,?
10,Phoenix,MicroOrganism,Desulospe,DESVSPE,?,?,?,?
10,Phoenix,MicroOrganism,Dialirmic,DIAMIC,?,?,?,?
10,Phoenix,MicroOrganism,Dialirpne,BACTPNE,?,?,?,?
10,Phoenix,MicroOrganism,Dichernod,DICNOD,?,?,?,?
10,Phoenix,MicroOrganism,Dietzamar,DIEMAR,?,?,?,?
10,Phoenix,MicroOrganism,Dietzaspe,DIESPE,?,?,?,?
10,Phoenix,MicroOrganism,Diutiing,CANCAT,?,?,?,?
10,Phoenix,MicroOrganism,Diutirug,CANRUG,?,?,?,?
10,Phoenix,MicroOrganism,Dolosmpig,DOLPIG,?,?,?,?
10,Phoenix,MicroOrganism,Dysgosgad,DYSGAD,?,?,?,?
10,Phoenix,MicroOrganism,Edwarahos,EDWAHO,?,?,?,?
10,Phoenix,MicroOrganism,Edwaraict,EDWAIC,?,?,?,?
10,Phoenix,MicroOrganism,Edwaraspe,EDWSPE,?,?,?,?
10,Phoenix,MicroOrganism,Edwaratar,EDWATA,?,?,?,?
10,Phoenix,MicroOrganism,Eggerelen,EUBLEN,?,?,?,?
10,Phoenix,MicroOrganism,Eggeracat,LACBCAT,?,?,?,?
10,Phoenix,MicroOrganism,Eikenacor,EIKECO,?,?,?,?
10,Phoenix,MicroOrganism,Elizaamen,CHRBMEN,?,?,?,?
10,Phoenix,MicroOrganism,Elizaamir,ELIZMI,?,?,?,?
10,Phoenix,MicroOrganism,Empedrbre,EMPBRE,?,?,?,?
10,Phoenix,MicroOrganism,Enterrasb,ENTEAS,?,?,?,?
10,Phoenix,MicroOrganism,Enterrbug,ENTBBUG,?,?,?,?
10,Phoenix,MicroOrganism,Enterrcan,ENTECA,?,?,?,?
10,Phoenix,MicroOrganism,Enterrclo,ENTECL,?,?,?,?
10,Phoenix,MicroOrganism,Enterrclo-co,ENTBCLOX,?,?,?,?
10,Phoenix,MicroOrganism,Enterrhor,ENTEHO,?,?,?,?
10,Phoenix,MicroOrganism,Enterrkob,ENTEKO,?,?,?,?
10,Phoenix,MicroOrganism,Enterrlud,ENTELU,?,?,?,?
10,Phoenix,MicroOrganism,Enterrspe,ENTESP,?,?,?,?
10,Phoenix,MicroOrganism,Entecrald,CLOALD,?,?,?,?
10,Phoenix,MicroOrganism,Entecrbol,CLOBOL,?,?,?,?
10,Phoenix,MicroOrganism,Entecrcit,CLOCIT,?,?,?,?
10,Phoenix,MicroOrganism,Entecrclo,CLOCLO,?,?,?,?
10,Phoenix,MicroOrganism,Entersasi,ENTCASI,?,?,?,?
10,Phoenix,MicroOrganism,Entersavi,ENTCAV,?,?,?,?
10,Phoenix,MicroOrganism,Enterscac,ENTCCAC,?,?,?,?
10,Phoenix,MicroOrganism,Enterscas,ENTCCA,?,?,?,?
10,Phoenix,MicroOrganism,Enterscec,ENTCCEC,?,?,?,?
10,Phoenix,MicroOrganism,Enterscol,ENTCCOL,?,?,?,?
10,Phoenix,MicroOrganism,Entersdis,ENTCDIS,?,?,?,?
10,Phoenix,MicroOrganism,Entersdur,ENTCDU,?,?,?,?
10,Phoenix,MicroOrganism,Entersfae,ENTCFA,?,?,?,?
10,Phoenix,MicroOrganism,Entersfaem,ENTCFM,?,?,?,?
10,Phoenix,MicroOrganism,Entersgal,ENTCGAL,?,?,?,?
10,Phoenix,MicroOrganism,Entersgil,ENTCGIL,?,?,?,?
10,Phoenix,MicroOrganism,Entershae,ENTCHAE,?,?,?,?
10,Phoenix,MicroOrganism,Entershir,ENTCHIR,?,?,?,?
10,Phoenix,MicroOrganism,Entersmal,ENTCMAL,?,?,?,?
10,Phoenix,MicroOrganism,Entersmor,ENTCMOR,?,?,?,?
10,Phoenix,MicroOrganism,Entersmun,ENTCMUN,?,?,?,?
10,Phoenix,MicroOrganism,Enterspal,ENTCPAL,?,?,?,?
10,Phoenix,MicroOrganism,Enterstha,ENTCPSE,?,?,?,?
10,Phoenix,MicroOrganism,Entersraf,ENTCRAF,?,?,?,?
10,Phoenix,MicroOrganism,Entersrat,ENTCRAT,?,?,?,?
10,Phoenix,MicroOrganism,Enterssac,ENTCSAC,?,?,?,?
10,Phoenix,MicroOrganism,Entersspe,ENTCSP,?,?,?,?
10,Phoenix,MicroOrganism,Enterssul,ENTCSUL,?,?,?,?
10,Phoenix,MicroOrganism,Epidenflo,EPIFLO,?,?,?,?
10,Phoenix,MicroOrganism,Epidenspe,EPISPE,?,?,?,?
10,Phoenix,MicroOrganism,Erwinaper,ERWIPE,?,?,?,?
10,Phoenix,MicroOrganism,Erwinaspe,ERWSPE,?,?,?,?
10,Phoenix,MicroOrganism,Erysixrhu,ERYSRH,?,?,?,?
10,Phoenix,MicroOrganism,Erysixspe,ERYSPE,?,?,?,?
10,Phoenix,MicroOrganism,Erysixton,ERYTON,?,?,?,?
10,Phoenix,MicroOrganism,Escheaalb,ESCALB,?,?,?,?
10,Phoenix,MicroOrganism,Escheacol,ESCHCO,?,?,?,?
10,Phoenix,MicroOrganism,Escheafer,ESCHFE,?,?,?,?
10,Phoenix,MicroOrganism,Escheaher,ESCHHE,?,?,?,?
10,Phoenix,MicroOrganism,Escheaspe,ESCHSP,?,?,?,?
10,Phoenix,MicroOrganism,Eubacmbra,EUBBRA,?,?,?,?
10,Phoenix,MicroOrganism,Eubacmcal,EUBCAL,?,?,?,?
10,Phoenix,MicroOrganism,Eubacmlim,EUBLIM,?,?,?,?
10,Phoenix,MicroOrganism,Eubacmspe,EUBSPE,?,?,?,?
10,Phoenix,MicroOrganism,Eubacmten,EUBTEN,?,?,?,?
10,Phoenix,MicroOrganism,Eubacmyur,EUBYUR,?,?,?,?
10,Phoenix,MicroOrganism,Ewingaame,EWINAM,?,?,?,?
10,Phoenix,MicroOrganism,Ewingaspe,EWISPE,?,?,?,?
10,Phoenix,MicroOrganism,Exigumaur,EXIAUR,?,?,?,?
10,Phoenix,MicroOrganism,Exigumspe,EXISPE,?,?,?,?
10,Phoenix,MicroOrganism,Exophader,WANDER,?,?,?,?
10,Phoenix,MicroOrganism,Exophaspe,EXOSPE,?,?,?,?
10,Phoenix,MicroOrganism,Ezakicoa,BACTCOA,?,?,?,?
10,Phoenix,MicroOrganism,Facklahom,FACHOM,?,?,?,?
10,Phoenix,MicroOrganism,Facklalan,FACLAN,?,?,?,?
10,Phoenix,MicroOrganism,Facklaspe,FACSPE,?,?,?,?
10,Phoenix,MicroOrganism,Fannyavag,ATOVAG,?,?,?,?
10,Phoenix,MicroOrganism,Filifralo,FUSALO,?,?,?,?
10,Phoenix,MicroOrganism,Filifrvil,FILFVIL,?,?,?,?
10,Phoenix,MicroOrganism,Filobmmag,FILOMAG,?,?,?,?
10,Phoenix,MicroOrganism,Finegamag,PEPSMAG,?,?,?,?
10,Phoenix,MicroOrganism,Flavomspe,FLAOSPE,?,?,?,?
10,Phoenix,MicroOrganism,Flavorpla,CLOORB,?,?,?,?
10,Phoenix,MicroOrganism,Francaphi,FRAPHI,?,?,?,?
10,Phoenix,MicroOrganism,Francaspe,FRASPE,?,?,?,?
10,Phoenix,MicroOrganism,Francatul,FRATUL,?,?,?,?
10,Phoenix,MicroOrganism,Fusarmchl,FUSACHL,?,?,?,?
10,Phoenix,MicroOrganism,Bisifmdim,FUSADIM,?,?,?,?
10,Phoenix,MicroOrganism,Fusarmoxy,FUSAOXY,?,?,?,?
10,Phoenix,MicroOrganism,Fusarmpro,FUSAPRO,?,?,?,?
10,Phoenix,MicroOrganism,Fusarmspe,FUSASPE,?,?,?,?
10,Phoenix,MicroOrganism,Fusobmcan,FUSCAN,?,?,?,?
10,Phoenix,MicroOrganism,Fusobmgon,FUSGON,?,?,?,?
10,Phoenix,MicroOrganism,Fusobmmor,FUSMOR,?,?,?,?
10,Phoenix,MicroOrganism,Fusobmnav,FUSNAV,?,?,?,?
10,Phoenix,MicroOrganism,Fusobmnec,FUSNEC,?,?,?,?
10,Phoenix,MicroOrganism,Fusobmnuc,FUSNUC,?,?,?,?
10,Phoenix,MicroOrganism,Fusobmper,FUSPER,?,?,?,?
10,Phoenix,MicroOrganism,Fusobmspe,FUSSPE,?,?,?,?
10,Phoenix,MicroOrganism,Fusobmulc,FUSULC,?,?,?,?
10,Phoenix,MicroOrganism,Fusobmvar,FUSVAR,?,?,?,?
10,Phoenix,MicroOrganism,Gardnaspe,GARSPE,?,?,?,?
10,Phoenix,MicroOrganism,Gardnavag,GARVAG,?,?,?,?
10,Phoenix,MicroOrganism,Gemelaber,GEMBER,?,?,?,?
10,Phoenix,MicroOrganism,Gemelahae,GEMHAE,?,?,?,?
10,Phoenix,MicroOrganism,Gemelamor,GEMMOR,?,?,?,?
10,Phoenix,MicroOrganism,Gemelasan,GEMSAN,?,?,?,?
10,Phoenix,MicroOrganism,Gemelaspe,GEMSPE,?,?,?,?
10,Phoenix,MicroOrganism,Geobasste,BACISTE,?,?,?,?
10,Phoenix,MicroOrganism,Geotrmcan,GEOCAN,?,?,?,?
10,Phoenix,MicroOrganism,Geotrmkle,GEOKLE,?,?,?,?
10,Phoenix,MicroOrganism,Geotrmspe,GEOSPE,?,?,?,?
10,Phoenix,MicroOrganism,Glaesapar,HAEPAS,?,?,?,?
10,Phoenix,MicroOrganism,Gleimaeur,ACTMEUR,?,?,?,?
10,Phoenix,MicroOrganism,Gleimahom,ACTMHOM,?,?,?,?
10,Phoenix,MicroOrganism,Globiasan,GLOSAN,?,?,?,?
10,Phoenix,MicroOrganism,Globiaspe,GLOSPE,?,?,?,?
10,Phoenix,MicroOrganism,Globiasul,GLOSUL,?,?,?,?
10,Phoenix,MicroOrganism,Gordoaaic,GORAIC,?,?,?,?
10,Phoenix,MicroOrganism,Gordoabro,GORBRO,?,?,?,?
10,Phoenix,MicroOrganism,Gordoahon,GORHON,?,?,?,?
10,Phoenix,MicroOrganism,Gordoarub,GORRUB,?,?,?,?
10,Phoenix,MicroOrganism,Gordoaspu,GORSPU,?,?,?,?
10,Phoenix,MicroOrganism,Gordoater,GORTER,?,?,?,?
10,Phoenix,MicroOrganism,Granuaadi,STRADJ,?,?,?,?
10,Phoenix,MicroOrganism,Granuabal,GRANBAL,?,?,?,?
10,Phoenix,MicroOrganism,Granuaele,GRANELE,?,?,?,?
10,Phoenix,MicroOrganism,Granuaspe,GRANSPE,?,?,?,?
10,Phoenix,MicroOrganism,Grimoahol,VIBRHO,?,?,?,?
10,Phoenix,MicroOrganism,Haemarspe,HAASPE,?,?,?,?
10,Phoenix,MicroOrganism,Haemosduc,HAEDUC,?,?,?,?
10,Phoenix,MicroOrganism,Haemoshae,HAEHAG,?,?,?,?
10,Phoenix,MicroOrganism,Haemoshael,HAEHAL,?,?,?,?
10,Phoenix,MicroOrganism,Haemosinf,HAEINF,?,?,?,?
10,Phoenix,MicroOrganism,Haemospar,HAEPAH,?,?,?,?
10,Phoenix,MicroOrganism,Haemospari,HAEPAI,?,?,?,?
10,Phoenix,MicroOrganism,Haemosparp,HAEPAA,?,?,?,?
10,Phoenix,MicroOrganism,Haemospit,HAEPIT,?,?,?,?
10,Phoenix,MicroOrganism,Haemosspe,HAESPE,?,?,?,?
10,Phoenix,MicroOrganism,Haemosspu,HAESPU,?,?,?,?
10,Phoenix,MicroOrganism,Hafniaalv,HAFNAL,?,?,?,?
10,Phoenix,MicroOrganism,Halomsaqu,ALCFAEH,?,?,?,?
10,Phoenix,MicroOrganism,Halomsspe,HALOSPE,?,?,?,?
10,Phoenix,MicroOrganism,Hanseauva,HANPUVA,?,?,?,?
10,Phoenix,MicroOrganism,Hatheahis,CLOHIS,?,?,?,?
10,Phoenix,MicroOrganism,Hathealim,CLOLIM,?,?,?,?
10,Phoenix,MicroOrganism,Helcoskun,HELCKUN,?,?,?,?
10,Phoenix,MicroOrganism,Helcosovi,HELCOVI,?,?,?,?
10,Phoenix,MicroOrganism,Helcosspe,HELCSPE,?,?,?,?
10,Phoenix,MicroOrganism,Helcossue,HELCSUE,?,?,?,?
10,Phoenix,MicroOrganism,Helicrcan,HELICAA,?,?,?,?
10,Phoenix,MicroOrganism,Helicrcans,HELICAN,?,?,?,?
10,Phoenix,MicroOrganism,Helicrcho,HELICHO,?,?,?,?
10,Phoenix,MicroOrganism,Helicrcin,HELICIN,?,?,?,?
10,Phoenix,MicroOrganism,Helicrfen,HELIFEN,?,?,?,?
10,Phoenix,MicroOrganism,Helicrmus,HELIMUS,?,?,?,?
10,Phoenix,MicroOrganism,Helicrpul,HELIPUL,?,?,?,?
10,Phoenix,MicroOrganism,Helicrpyl,HELIPYL,?,?,?,?
10,Phoenix,MicroOrganism,Helicrspe,HELISPE,?,?,?,?
10,Phoenix,MicroOrganism,Histoacap,HISCAP,?,?,?,?
10,Phoenix,MicroOrganism,Hungaahat,CLOHAT,?,?,?,?
10,Phoenix,MicroOrganism,Hyphoabur,PICBUR,?,?,?,?
10,Phoenix,MicroOrganism,Ignataspe,IGNSPE,?,?,?,?
10,Phoenix,MicroOrganism,Intesrbar,CLOBAT,?,?,?,?
10,Phoenix,MicroOrganism,Issataori,ISSORI,?,?,?,?
10,Phoenix,MicroOrganism,Jonesaden,JONDEN,?,?,?,?
10,Phoenix,MicroOrganism,Kerstagyi,KERGYI,?,?,?,?
10,Phoenix,MicroOrganism,Kingeaden,KINDEN,?,?,?,?
10,Phoenix,MicroOrganism,Kingeakin,KINGKI,?,?,?,?
10,Phoenix,MicroOrganism,Kingeaora,KINORA,?,?,?,?
10,Phoenix,MicroOrganism,Kingeapot,KINPOT,?,?,?,?
10,Phoenix,MicroOrganism,Kingeaspe,KINSPE,?,?,?,?
10,Phoenix,MicroOrganism,Klebsaaer,ENTEAE,?,?,?,?
10,Phoenix,MicroOrganism,Klebsaoxy,KLEBOX,?,?,?,?
10,Phoenix,MicroOrganism,Klebsapne,KLEBPN,?,?,?,?
10,Phoenix,MicroOrganism,Klebsaspe,KLEBSP,?,?,?,?
10,Phoenix,MicroOrganism,Klebsavar,KLEVAR,?,?,?,?
10,Phoenix,MicroOrganism,Kluyvaasc,KLUYAS,?,?,?,?
10,Phoenix,MicroOrganism,Kluyvacry,KLUCRY,?,?,?,?
10,Phoenix,MicroOrganism,Kluyvageo,KLUYGE,?,?,?,?
10,Phoenix,MicroOrganism,Kluyvaint,ENTEIN,?,?,?,?
10,Phoenix,MicroOrganism,Kluyvaspe,KLUYSP,?,?,?,?
10,Phoenix,MicroOrganism,Kluyvslac,KLUMLAC,?,?,?,?
10,Phoenix,MicroOrganism,Kluyvsmar,KLUMMAR,?,?,?,?
10,Phoenix,MicroOrganism,Kocuracar,KOCCAR,?,?,?,?
10,Phoenix,MicroOrganism,Kocurapal,KOCPAL,?,?,?,?
10,Phoenix,MicroOrganism,Kocurarhi,KOCRHI,?,?,?,?
10,Phoenix,MicroOrganism,Kocuraros,MICROS,?,?,?,?
10,Phoenix,MicroOrganism,Kocuraspe,KOCSPE,?,?,?,?
10,Phoenix,MicroOrganism,Kocuravar,MICVAR,?,?,?,?
10,Phoenix,MicroOrganism,Kodamaohm,KODOHM,?,?,?,?
10,Phoenix,MicroOrganism,Kosakacow,ENTBCOW,?,?,?,?
10,Phoenix,MicroOrganism,Kosakarad,ENTBRAD,?,?,?,?
10,Phoenix,MicroOrganism,Kytocssch,KYTSCH,?,?,?,?
10,Phoenix,MicroOrganism,Kytocssed,MICSED,?,?,?,?
10,Phoenix,MicroOrganism,Kytocsspe,KYTSPE,?,?,?,?
10,Phoenix,MicroOrganism,Lacriacel,CLOCEE,?,?,?,?
10,Phoenix,MicroOrganism,Lacriaind,CLOIND,?,?,?,?
10,Phoenix,MicroOrganism,Lacriasph,CLOSPH,?,?,?,?
10,Phoenix,MicroOrganism,Lacticspara-p,LACBPAC,?,?,?,?
10,Phoenix,MicroOrganism,Lacticsrha,LACBRHA,?,?,?,?
10,Phoenix,MicroOrganism,Lactosacio,LACBACI,?,?,?,?
10,Phoenix,MicroOrganism,Lactoscri,LACBCRI,?,?,?,?
10,Phoenix,MicroOrganism,Lactosdel,LACBDEL,?,?,?,?
10,Phoenix,MicroOrganism,Lactosgas,LACBGAS,?,?,?,?
10,Phoenix,MicroOrganism,Lactosine,LACBINE,?,?,?,?
10,Phoenix,MicroOrganism,Lactosjen,LACBJEN,?,?,?,?
10,Phoenix,MicroOrganism,Lactosjoh,LACBJOH,?,?,?,?
10,Phoenix,MicroOrganism,Lactoskal,LACBKAL,?,?,?,?
10,Phoenix,MicroOrganism,Lactosspe,LACBSPE,?,?,?,?
10,Phoenix,MicroOrganism,Lactosult,LACBULT,?,?,?,?
10,Phoenix,MicroOrganism,Lactocgar,LACCGAR,?,?,?,?
10,Phoenix,MicroOrganism,Lactoclac,LACCLAC,?,?,?,?
10,Phoenix,MicroOrganism,Lactocpla,LACCPLA,?,?,?,?
10,Phoenix,MicroOrganism,Lactocraf,LACCRAF,?,?,?,?
10,Phoenix,MicroOrganism,Lactocspe,LACCSPE,?,?,?,?
10,Phoenix,MicroOrganism,Lanceapar,ATOPAR,?,?,?,?
10,Phoenix,MicroOrganism,Lancearim,LACBRIM,?,?,?,?
10,Phoenix,MicroOrganism,Lautramir,LAUMIR,?,?,?,?
10,Phoenix,MicroOrganism,Lautraspe,LAUSPE,?,?,?,?
10,Phoenix,MicroOrganism,Lecleaade,LECLAD,?,?,?,?
10,Phoenix,MicroOrganism,Legioaani,LEGANI,?,?,?,?
10,Phoenix,MicroOrganism,Legioabir,LEGBIR,?,?,?,?
10,Phoenix,MicroOrganism,Legioache,LEGCHE,?,?,?,?
10,Phoenix,MicroOrganism,Legioacin,LEGCIN,?,?,?,?
10,Phoenix,MicroOrganism,Legioafee,LEGFEE,?,?,?,?
10,Phoenix,MicroOrganism,Legioagra,LEGGRA,?,?,?,?
10,Phoenix,MicroOrganism,Legioahac,LEGHAC,?,?,?,?
10,Phoenix,MicroOrganism,Legioaisr,LEGISR,?,?,?,?
10,Phoenix,MicroOrganism,Legioajor,LEGJOR,?,?,?,?
10,Phoenix,MicroOrganism,Legioalan,LEGLAN,?,?,?,?
10,Phoenix,MicroOrganism,Legioalon,LEGLON,?,?,?,?
10,Phoenix,MicroOrganism,Legioamac,LEGMAC,?,?,?,?
10,Phoenix,MicroOrganism,Legioaoak,LEGOAK,?,?,?,?
10,Phoenix,MicroOrganism,Legioapne,LEGPNE,?,?,?,?
10,Phoenix,MicroOrganism,Legioasai,LEGSAI,?,?,?,?
10,Phoenix,MicroOrganism,Legioaspe,LEGSPE,?,?,?,?
10,Phoenix,MicroOrganism,Legioatuc,LEGTUC,?,?,?,?
10,Phoenix,MicroOrganism,Legioawad,LEGWAD,?,?,?,?
10,Phoenix,MicroOrganism,Leifsaaqu,CORAQU,?,?,?,?
10,Phoenix,MicroOrganism,Leifsaspe,LEISPE,?,?,?,?
10,Phoenix,MicroOrganism,Lelliaamn,ENTEAM,?,?,?,?
10,Phoenix,MicroOrganism,Leminagri,LEMGRI,?,?,?,?
10,Phoenix,MicroOrganism,Leminaric,LEMRIC,?,?,?,?
10,Phoenix,MicroOrganism,Leminaspe,LEMSPE,?,?,?,?
10,Phoenix,MicroOrganism,Lentiabuc,LACBBUC,?,?,?,?
10,Phoenix,MicroOrganism,Lentiakef,LACBKEF,?,?,?,?
10,Phoenix,MicroOrganism,Lentiapar,LENPARB,?,?,?,?
10,Phoenix,MicroOrganism,Leptoabuc,LEPBUC,?,?,?,?
10,Phoenix,MicroOrganism,Leptoahof,LEPHOF,?,?,?,?
10,Phoenix,MicroOrganism,Leptoaspe,LEPSPE,?,?,?,?
10,Phoenix,MicroOrganism,Leptoatre,LEPTRE,?,?,?,?
10,Phoenix,MicroOrganism,Leptoawad,LEPWAD,?,?,?,?
10,Phoenix,MicroOrganism,Leucoccar,LEUCAR,?,?,?,?
10,Phoenix,MicroOrganism,Leucoccit,LEUCIT,?,?,?,?
10,Phoenix,MicroOrganism,Leucocgel,LEUGEL,?,?,?,?
10,Phoenix,MicroOrganism,Leucoclac,LEULAC,?,?,?,?
10,Phoenix,MicroOrganism,Leucocmes,LEUMES,?,?,?,?
10,Phoenix,MicroOrganism,Leucocpse,LEUPSE,?,?,?,?
10,Phoenix,MicroOrganism,Leucocspe,LEUSPE,?,?,?,?
10,Phoenix,MicroOrganism,Levilsbre,LACBBRE,?,?,?,?
10,Phoenix,MicroOrganism,Lichtacor,LICCOR,?,?,?,?
10,Phoenix,MicroOrganism,Lichtaspe,LICSPE,?,?,?,?
10,Phoenix,MicroOrganism,Ligilsrum,LIGRUM,?,?,?,?
10,Phoenix,MicroOrganism,Ligilssal,LACBSAL,?,?,?,?
10,Phoenix,MicroOrganism,Limossant,LACBANT,?,?,?,?
10,Phoenix,MicroOrganism,Limosscol,LACBCOL,?,?,?,?
10,Phoenix,MicroOrganism,Limossfer,LACBFER,?,?,?,?
10,Phoenix,MicroOrganism,Limossgast,LACBGAT,?,?,?,?
10,Phoenix,MicroOrganism,Limossori,LACBORI,?,?,?,?
10,Phoenix,MicroOrganism,Limossreu,LACBREU,?,?,?,?
10,Phoenix,MicroOrganism,Limossvag,LACBVAG,?,?,?,?
10,Phoenix,MicroOrganism,Listeafle,LISFLE,?,?,?,?
10,Phoenix,MicroOrganism,Listeagra,LISGRA,?,?,?,?
10,Phoenix,MicroOrganism,Listeainn,LISINN,?,?,?,?
10,Phoenix,MicroOrganism,Listeaiva,LISIVA,?,?,?,?
10,Phoenix,MicroOrganism,Listeamon,LISTMO,?,?,?,?
10,Phoenix,MicroOrganism,Listeasee,LISSEE,?,?,?,?
10,Phoenix,MicroOrganism,Listeaspe,LISTSP,?,?,?,?
10,Phoenix,MicroOrganism,Listeawei,LISWEI,?,?,?,?
10,Phoenix,MicroOrganism,Listeawel,LISWEL,?,?,?,?
10,Phoenix,MicroOrganism,Listoapel,LISOPEL,?,?,?,?
10,Phoenix,MicroOrganism,Listoaspe,LISOSPE,?,?,?,?
10,Phoenix,MicroOrganism,Luteirspe,LUTBSPE,?,?,?,?
10,Phoenix,MicroOrganism,Lysinscon,LYSCON,?,?,?,?
10,Phoenix,MicroOrganism,Lysinsfus,BACIFUS,?,?,?,?
10,Phoenix,MicroOrganism,Lysinsspe,LYSSPE,?,?,?,?
10,Phoenix,MicroOrganism,Lysinssph,BACISPH,?,?,?,?
10,Phoenix,MicroOrganism,Macroscas,STACAS,?,?,?,?
10,Phoenix,MicroOrganism,Macrosspe,MACSPE,?,?,?,?
10,Phoenix,MicroOrganism,Magnuscla,GEOCLA,?,?,?,?
10,Phoenix,MicroOrganism,Malasafur,MALFUR,?,?,?,?
10,Phoenix,MicroOrganism,Malasaobt,MALOBT,?,?,?,?
10,Phoenix,MicroOrganism,Malasapac,MALPAC,?,?,?,?
10,Phoenix,MicroOrganism,Malasaspe,MALSPE,?,?,?,?
10,Phoenix,MicroOrganism,Mannhahae,PASHAE,?,?,?,?
10,Phoenix,MicroOrganism,Mansoaper,MANSPE,?,?,?,?
10,Phoenix,MicroOrganism,Massiaspe,MASSPE,?,?,?,?
10,Phoenix,MicroOrganism,Massiatim,MASTIM,?,?,?,?
10,Phoenix,MicroOrganism,Meditrgly,MEDGLY,?,?,?,?
10,Phoenix,MicroOrganism,Megamsspe,MEGMSPE,?,?,?,?
10,Phoenix,MicroOrganism,Megasaspe,MEGSSPE,?,?,?,?
10,Phoenix,MicroOrganism,Mesormspe,MESSPE,?,?,?,?
10,Phoenix,MicroOrganism,Metabsind,METBIND,?,?,?,?
10,Phoenix,MicroOrganism,Metamahom,MYCPHOM,?,?,?,?
10,Phoenix,MicroOrganism,Methymfuj,METFUJ,?,?,?,?
10,Phoenix,MicroOrganism,Methymmes,METMES,?,?,?,?
10,Phoenix,MicroOrganism,Methymorg,METORG,?,?,?,?
10,Phoenix,MicroOrganism,Methymrad,METRAD,?,?,?,?
10,Phoenix,MicroOrganism,Methymspe,METSPE,?,?,?,?
10,Phoenix,MicroOrganism,Methyrmext,METEXT,?,?,?,?
10,Phoenix,MicroOrganism,Methyrmrho,METRHE,?,?,?,?
10,Phoenix,MicroOrganism,Methyrmrhoi,METRHI,?,?,?,?
10,Phoenix,MicroOrganism,Methyrmzat,METZAT,?,?,?,?
10,Phoenix,MicroOrganism,Meyeragui,YAMGUI,?,?,?,?
10,Phoenix,MicroOrganism,Micromarb,MICBARB,?,?,?,?
10,Phoenix,MicroOrganism,Micromimp,MICBIMP,?,?,?,?
10,Phoenix,MicroOrganism,Micrompar,MICBPAR,?,?,?,?
10,Phoenix,MicroOrganism,Micromres,AURCRES,?,?,?,?
10,Phoenix,MicroOrganism,Micromspe,MICBSPE,?,?,?,?
10,Phoenix,MicroOrganism,Micromtes,MICBTES,?,?,?,?
10,Phoenix,MicroOrganism,Micromyan,MICBYAN,?,?,?,?
10,Phoenix,MicroOrganism,Microsfla,MICFLA,?,?,?,?
10,Phoenix,MicroOrganism,Microslut,MICRLU,?,?,?,?
10,Phoenix,MicroOrganism,Microslyl,MICLYL,?,?,?,?
10,Phoenix,MicroOrganism,Microsspe,MICSPE,?,?,?,?
10,Phoenix,MicroOrganism,Microster,MICTER,?,?,?,?
10,Phoenix,MicroOrganism,Microraud,MICSAUD,?,?,?,?
10,Phoenix,MicroOrganism,Microrcan,MICSCAN,?,?,?,?
10,Phoenix,MicroOrganism,Microrspe,MICSSPE,?,?,?,?
10,Phoenix,MicroOrganism,Milleafar,PICFAR,?,?,?,?
10,Phoenix,MicroOrganism,Mobilscur,MOBCUR,?,?,?,?
10,Phoenix,MicroOrganism,Mobilsspe,MOBSPE,?,?,?,?
10,Phoenix,MicroOrganism,Moellawis,MOEWIS,?,?,?,?
10,Phoenix,MicroOrganism,Mogibmspe,MOGSPE,?,?,?,?
10,Phoenix,MicroOrganism,Mogibmtim,EUBTIM,?,?,?,?
10,Phoenix,MicroOrganism,Moraxaatl,MORAATL,?,?,?,?
10,Phoenix,MicroOrganism,Moraxabov,MORABOV,?,?,?,?
10,Phoenix,MicroOrganism,Moraxacan,MORACAN,?,?,?,?
10,Phoenix,MicroOrganism,Moraxalac,MORALAC,?,?,?,?
10,Phoenix,MicroOrganism,Moraxalin,MORALIN,?,?,?,?
10,Phoenix,MicroOrganism,Moraxanon,MORANON,?,?,?,?
10,Phoenix,MicroOrganism,Moraxaosl,MORAOSL,?,?,?,?
10,Phoenix,MicroOrganism,Moraxaovi,MORAOVI,?,?,?,?
10,Phoenix,MicroOrganism,Moraxaspe,MORASPE,?,?,?,?
10,Phoenix,MicroOrganism,Morgaamor,MORGMO,?,?,?,?
10,Phoenix,MicroOrganism,Morgaaspe,MORGSPE,?,?,?,?
10,Phoenix,MicroOrganism,Moryeaind,MORYIND,?,?,?,?
10,Phoenix,MicroOrganism,Mucorcir,MUCCIR,?,?,?,?
10,Phoenix,MicroOrganism,Mucorspe,MUCSPE,?,?,?,?
10,Phoenix,MicroOrganism,Murdoaasa,MURASA,?,?,?,?
10,Phoenix,MicroOrganism,Mycobmabs,MYCBABS,?,?,?,?
10,Phoenix,MicroOrganism,Mycobmafr,MYCBAFR,?,?,?,?
10,Phoenix,MicroOrganism,Mycobmagr,MYCBAGR,?,?,?,?
10,Phoenix,MicroOrganism,Mycobmalv,MYCBALV,?,?,?,?
10,Phoenix,MicroOrganism,Mycobmaro,MYCBARO,?,?,?,?
10,Phoenix,MicroOrganism,Mycobmaru,MYCBARU,?,?,?,?
10,Phoenix,MicroOrganism,Mycobmasi,MYCBASI,?,?,?,?
10,Phoenix,MicroOrganism,Mycobmaur,MYCBAUR,?,?,?,?
10,Phoenix,MicroOrganism,Mycobmavi,MYCBAVI,?,?,?,?
10,Phoenix,MicroOrganism,Mycobmavi-c,MYCBMAC,?,?,?,?
10,Phoenix,MicroOrganism,Mycobmboe,MYCBBOE,?,?,?,?
10,Phoenix,MicroOrganism,Mycobmbov,MYCBBOV,?,?,?,?
10,Phoenix,MicroOrganism,Mycobmbra,MYCBBRA,?,?,?,?
10,Phoenix,MicroOrganism,Mycobmbri,MYCBBRI,?,?,?,?
10,Phoenix,MicroOrganism,Mycobmcan,MYCBCAN,?,?,?,?
10,Phoenix,MicroOrganism,Mycobmcel,MYCBCEL,?,?,?,?
10,Phoenix,MicroOrganism,Mycobmche,MYCBCHE,?,?,?,?
10,Phoenix,MicroOrganism,Mycobmchi,MYCBCHI,?,?,?,?
10,Phoenix,MicroOrganism,Mycobmcol,MYCBCOL,?,?,?,?
10,Phoenix,MicroOrganism,Mycobmcon,MYCBCOC,?,?,?,?
10,Phoenix,MicroOrganism,Mycobmconf,MYCBCON,?,?,?,?
10,Phoenix,MicroOrganism,Mycobmcons,MYCBCOP,?,?,?,?
10,Phoenix,MicroOrganism,Mycobmcos,MYCBCOS,?,?,?,?
10,Phoenix,MicroOrganism,Mycobmele,MYCBELE,?,?,?,?
10,Phoenix,MicroOrganism,Mycobmfar,MYCBFAR,?,?,?,?
10,Phoenix,MicroOrganism,Mycobmfla,MYCBFLA,?,?,?,?
10,Phoenix,MicroOrganism,Mycobmflo,MYCBFLO,?,?,?,?
10,Phoenix,MicroOrganism,Mycobmfor,MYCBFOR,?,?,?,?
10,Phoenix,MicroOrganism,Mycobmgas,MYCBGAS,?,?,?,?
10,Phoenix,MicroOrganism,Mycobmgoo,MYCBGOO,?,?,?,?
10,Phoenix,MicroOrganism,Mycobmgor,MYCBGOR,?,?,?,?
10,Phoenix,MicroOrganism,Mycobmhae,MYCBHAE,?,?,?,?
10,Phoenix,MicroOrganism,Mycobmhas,MYCBHAS,?,?,?,?
10,Phoenix,MicroOrganism,Mycobmhec,MYCBHEC,?,?,?,?
10,Phoenix,MicroOrganism,Mycobmhei,MYCBHEI,?,?,?,?
10,Phoenix,MicroOrganism,Mycobmhou,MYCBHOU,?,?,?,?
10,Phoenix,MicroOrganism,Mycobmimm,MYCBIMM,?,?,?,?
10,Phoenix,MicroOrganism,Mycobmins,MYCBINS,?,?,?,?
10,Phoenix,MicroOrganism,Mycobmintj,MYCBINJ,?,?,?,?
10,Phoenix,MicroOrganism,Mycobmintm,MYCBINM,?,?,?,?
10,Phoenix,MicroOrganism,Mycobmint,MYCBINC,?,?,?,?
10,Phoenix,MicroOrganism,Mycobmkan,MYCBKAN,?,?,?,?
10,Phoenix,MicroOrganism,Mycobmkum,MYCBKUM,?,?,?,?
10,Phoenix,MicroOrganism,Mycobmlen,MYCBLEN,?,?,?,?
10,Phoenix,MicroOrganism,Mycobmlep,MYCBLEP,?,?,?,?
10,Phoenix,MicroOrganism,Mycobmlla,MYCBLLA,?,?,?,?
10,Phoenix,MicroOrganism,Mycobmmag,MYCBMAG,?,?,?,?
10,Phoenix,MicroOrganism,Mycobmmal,MYCBMAL,?,?,?,?
10,Phoenix,MicroOrganism,Mycobmmar,MYCBMAR,?,?,?,?
10,Phoenix,MicroOrganism,Mycobmmars,MYCBMAS,?,?,?,?
10,Phoenix,MicroOrganism,Mycobmmic,MYCBMIC,?,?,?,?
10,Phoenix,MicroOrganism,Mycobmmuc,MYCBMUC,?,?,?,?
10,Phoenix,MicroOrganism,Mycobmneo,MYCBNEO,?,?,?,?
10,Phoenix,MicroOrganism,Mycobmnew,MYCBNEW,?,?,?,?
10,Phoenix,MicroOrganism,Mycobmnon,MYCBNON,?,?,?,?
10,Phoenix,MicroOrganism,Mycobmnov,MYCBNOO,?,?,?,?
10,Phoenix,MicroOrganism,Mycobmpal,MYCBPAL,?,?,?,?
10,Phoenix,MicroOrganism,Mycobmparg,MYCBPAG,?,?,?,?
10,Phoenix,MicroOrganism,Mycobmparc,MYCBPAC,?,?,?,?
10,Phoenix,MicroOrganism,Mycobmpare,MYCBPAE,?,?,?,?
10,Phoenix,MicroOrganism,Mycobmparm,MYCBPAR,?,?,?,?
10,Phoenix,MicroOrganism,Mycobmper,MYCBPER,?,?,?,?
10,Phoenix,MicroOrganism,Mycobmphl,MYCBPHL,?,?,?,?
10,Phoenix,MicroOrganism,Mycobmpho,MYCBPHO,?,?,?,?
10,Phoenix,MicroOrganism,Mycobmpor,MYCBPOR,?,?,?,?
10,Phoenix,MicroOrganism,Mycobmrho,MYCBRHO,?,?,?,?
10,Phoenix,MicroOrganism,Mycobmsas,MYCBSAS,?,?,?,?
10,Phoenix,MicroOrganism,Mycobmscr,MYCBSCR,?,?,?,?
10,Phoenix,MicroOrganism,Mycobmsen,MYCBSEE,?,?,?,?
10,Phoenix,MicroOrganism,Mycobmsenu,MYCBSEN,?,?,?,?
10,Phoenix,MicroOrganism,Mycobmseo,MYCBSEO,?,?,?,?
10,Phoenix,MicroOrganism,Mycobmsep,MYCBSEP,?,?,?,?
10,Phoenix,MicroOrganism,Mycobmset,MYCBSET,?,?,?,?
10,Phoenix,MicroOrganism,Mycobmshi,MYCBSHI,?,?,?,?
10,Phoenix,MicroOrganism,Mycobmsim,MYCBSIM,?,?,?,?
10,Phoenix,MicroOrganism,Mycobmsme,MYCBSME,?,?,?,?
10,Phoenix,MicroOrganism,Mycobmspe,MYCBSPE,?,?,?,?
10,Phoenix,MicroOrganism,Mycobmszu,MYCBSZU,?,?,?,?
10,Phoenix,MicroOrganism,Mycobmter,MYCBTER,?,?,?,?
10,Phoenix,MicroOrganism,Mycobmter-c,MYCBTERC,?,?,?,?
10,Phoenix,MicroOrganism,Mycobmthe,MYCBTHE,?,?,?,?
10,Phoenix,MicroOrganism,Mycobmtri,MYCBTRP,?,?,?,?
10,Phoenix,MicroOrganism,Mycobmtub,MYCBTUB,?,?,?,?
10,Phoenix,MicroOrganism,Mycobmtub-c,MYCBTUBC,?,?,?,?
10,Phoenix,MicroOrganism,Mycobmulc,MYCBULC,?,?,?,?
10,Phoenix,MicroOrganism,Mycobmvac,MYCBVAC,?,?,?,?
10,Phoenix,MicroOrganism,Mycobmwol,MYCBWOL,?,?,?,?
10,Phoenix,MicroOrganism,Mycobmxen,MYCBXEN,?,?,?,?
10,Phoenix,MicroOrganism,Mycopaspe,MYCPSPE,?,?,?,?
10,Phoenix,MicroOrganism,Mycopsgals,MYCPGAL,?,?,?,?
10,Phoenix,MicroOrganism,Myroisinj,MYRINJ,?,?,?,?
10,Phoenix,MicroOrganism,Myroisodom,MYRODI,?,?,?,?
10,Phoenix,MicroOrganism,Myroisodo,MYRODA,?,?,?,?
10,Phoenix,MicroOrganism,Myroisspe,MYRSPE,?,?,?,?
10,Phoenix,MicroOrganism,Naganaalba,CRYALB,?,?,?,?
10,Phoenix,MicroOrganism,Naganaalbs,NAGALBO,?,?,?,?
10,Phoenix,MicroOrganism,Naganadiff,CRYALBD,?,?,?,?
10,Phoenix,MicroOrganism,Naganaliq,NAGLIQ,?,?,?,?
10,Phoenix,MicroOrganism,Naganauzb,NAGUZB,?,?,?,?
10,Phoenix,MicroOrganism,Naganavis,NAGVIS,?,?,?,?
10,Phoenix,MicroOrganism,Nakazaern,CANERN,?,?,?,?
10,Phoenix,MicroOrganism,Neissaani,CDCEF4a,?,?,?,?
10,Phoenix,MicroOrganism,Neissabac,NEIBAC,?,?,?,?
10,Phoenix,MicroOrganism,Neissacan,NEICAN,?,?,?,?
10,Phoenix,MicroOrganism,Neissacin,NEICIN,?,?,?,?
10,Phoenix,MicroOrganism,Neissaelo,NEIELO,?,?,?,?
10,Phoenix,MicroOrganism,Neissafla,NEIFLA,?,?,?,?
10,Phoenix,MicroOrganism,Neissagon,NEIGON,?,?,?,?
10,Phoenix,MicroOrganism,Neissalac,NEILAC,?,?,?,?
10,Phoenix,MicroOrganism,Neissamen,NEISME,?,?,?,?
10,Phoenix,MicroOrganism,Neissamuc,NEIMUC,?,?,?,?
10,Phoenix,MicroOrganism,Neissaora,NEIORA,?,?,?,?
10,Phoenix,MicroOrganism,Neissaper,NEISUBP,?,?,?,?
10,Phoenix,MicroOrganism,Neissapol,NEIPOL,?,?,?,?
10,Phoenix,MicroOrganism,Neissasic,NEISIC,?,?,?,?
10,Phoenix,MicroOrganism,Neissaspe,NEISPE,?,?,?,?
10,Phoenix,MicroOrganism,Neissasub,NEISUB,?,?,?,?
10,Phoenix,MicroOrganism,Neissawea,NEIWEA,?,?,?,?
10,Phoenix,MicroOrganism,Neissazoo,CDCEF4b,?,?,?,?
10,Phoenix,MicroOrganism,Neoscmdim,NEODIM,?,?,?,?
10,Phoenix,MicroOrganism,Neoscmspe,NEOSPE,?,?,?,?
10,Phoenix,MicroOrganism,Nesteaspe,NESSPE,?,?,?,?
10,Phoenix,MicroOrganism,Nocaraabs,NOCAABS,?,?,?,?
10,Phoenix,MicroOrganism,Nocaraara,NOCAARA,?,?,?,?
10,Phoenix,MicroOrganism,Nocaraast,NOCAAST,?,?,?,?
10,Phoenix,MicroOrganism,Nocarabla,NOCABLA,?,?,?,?
10,Phoenix,MicroOrganism,Nocarabra,NOCABRA,?,?,?,?
10,Phoenix,MicroOrganism,Nocarabre,NOCABRE,?,?,?,?
10,Phoenix,MicroOrganism,Nocaracar,NOCACAR,?,?,?,?
10,Phoenix,MicroOrganism,Nocaracyr,NOCACYR,?,?,?,?
10,Phoenix,MicroOrganism,Nocarafar,NOCAFAR,?,?,?,?
10,Phoenix,MicroOrganism,Nocaragre,NOCAGRE,?,?,?,?
10,Phoenix,MicroOrganism,Nocaranov,NOCANOV,?,?,?,?
10,Phoenix,MicroOrganism,Nocaraoti,NOCAOTI,?,?,?,?
10,Phoenix,MicroOrganism,Nocarapau,NOCAPAU,?,?,?,?
10,Phoenix,MicroOrganism,Nocarapne,NOCAPNE,?,?,?,?
10,Phoenix,MicroOrganism,Nocarapse,NOCAPSE,?,?,?,?
10,Phoenix,MicroOrganism,Nocarapur,NOCAPUR,?,?,?,?
10,Phoenix,MicroOrganism,Nocaraser,NOCASER,?,?,?,?
10,Phoenix,MicroOrganism,Nocaraspe,NOCASPE,?,?,?,?
10,Phoenix,MicroOrganism,Nocaratra,NOCATRA,?,?,?,?
10,Phoenix,MicroOrganism,Nocaraver,NOCAVER,?,?,?,?
10,Phoenix,MicroOrganism,Nocaravet,NOCAVET,?,?,?,?
10,Phoenix,MicroOrganism,Odorirspl,BACTSPL,?,?,?,?
10,Phoenix,MicroOrganism,Oligeaspe,OLISPE,?,?,?,?
10,Phoenix,MicroOrganism,Oligeaureo,OLIURO,?,?,?,?
10,Phoenix,MicroOrganism,Oligeauret,OLIGUR,?,?,?,?
10,Phoenix,MicroOrganism,Olsenauli,LACBULI,?,?,?,?
10,Phoenix,MicroOrganism,Ornitmrhi,ORNRHI,?,?,?,?
10,Phoenix,MicroOrganism,Paenisalv,PAEALV,?,?,?,?
10,Phoenix,MicroOrganism,Paenisdur,PAEDUR,?,?,?,?
10,Phoenix,MicroOrganism,Paenishum,PAEHUM,?,?,?,?
10,Phoenix,MicroOrganism,Paenismac,PAEMAC,?,?,?,?
10,Phoenix,MicroOrganism,Paenispol,BACIPOL,?,?,?,?
10,Phoenix,MicroOrganism,Paenispro,PAEPRO,?,?,?,?
10,Phoenix,MicroOrganism,Paenisres,PAERES,?,?,?,?
10,Phoenix,MicroOrganism,Paenisspe,PAESPE,?,?,?,?
10,Phoenix,MicroOrganism,Paenisuri,PAEURI,?,?,?,?
10,Phoenix,MicroOrganism,Paenisval,PAEVAL,?,?,?,?
10,Phoenix,MicroOrganism,Paeniclgho,CLOGHO,?,?,?,?
10,Phoenix,MicroOrganism,Paeniclsor,CLOSOR,?,?,?,?
10,Phoenix,MicroOrganism,Pantoaagg,PANTAG,?,?,?,?
10,Phoenix,MicroOrganism,Pantoaana,PANTAN,?,?,?,?
10,Phoenix,MicroOrganism,Pantoadis,PANDIS,?,?,?,?
10,Phoenix,MicroOrganism,Pantoaeuc,PANEUC,?,?,?,?
10,Phoenix,MicroOrganism,Pantoasep,PANSEP,?,?,?,?
10,Phoenix,MicroOrganism,Pantoaspe,PANTSP,?,?,?,?
10,Phoenix,MicroOrganism,Pantoaste,PANSTE,?,?,?,?
10,Phoenix,MicroOrganism,Papilalaur,CRYLAU,?,?,?,?
10,Phoenix,MicroOrganism,Parabsdis,BACTDIS,?,?,?,?
10,Phoenix,MicroOrganism,Parabsgol,PARBGOL,?,?,?,?
10,Phoenix,MicroOrganism,Parabsjoh,PARBJOH,?,?,?,?
10,Phoenix,MicroOrganism,Parabsmer,BACTMER,?,?,?,?
10,Phoenix,MicroOrganism,Paracmbif,CLOBIF,?,?,?,?
10,Phoenix,MicroOrganism,Paracsspe,PARCSPE,?,?,?,?
10,Phoenix,MicroOrganism,Paracsyee,CDCEO2,?,?,?,?
10,Phoenix,MicroOrganism,Parvismic,PEPSMIC,?,?,?,?
10,Phoenix,MicroOrganism,Pasteaaer,PASTAE,?,?,?,?
10,Phoenix,MicroOrganism,Pasteabet,PASTBE,?,?,?,?
10,Phoenix,MicroOrganism,Pasteacan,PASCAN,?,?,?,?
10,Phoenix,MicroOrganism,Pasteadag,PASDAG,?,?,?,?
10,Phoenix,MicroOrganism,Pasteamul,PASTMU,?,?,?,?
10,Phoenix,MicroOrganism,Pasteaspe,PASSPE,?,?,?,?
10,Phoenix,MicroOrganism,Pasteasto,PASSTO,?,?,?,?
10,Phoenix,MicroOrganism,Pediosaci,PEDACI,?,?,?,?
10,Phoenix,MicroOrganism,Pediospen,PEDIPE,?,?,?,?
10,Phoenix,MicroOrganism,Pediosspe,PEDSPE,?,?,?,?
10,Phoenix,MicroOrganism,Pelomsspe,PELSPE,?,?,?,?
10,Phoenix,MicroOrganism,Penicmchr,PENCHR,?,?,?,?
10,Phoenix,MicroOrganism,Penicmcit,PENCIE,?,?,?,?
10,Phoenix,MicroOrganism,Penicmciti,PENCII,?,?,?,?
10,Phoenix,MicroOrganism,Penicmspe,PENSPE,?,?,?,?
10,Phoenix,MicroOrganism,Peptarhir,PEPAHIR,?,?,?,?
10,Phoenix,MicroOrganism,Peptocnig,PEPCNIG,?,?,?,?
10,Phoenix,MicroOrganism,Peptocspe,PEPCSPE,?,?,?,?
10,Phoenix,MicroOrganism,Peptosasa,PEPSASA,?,?,?,?
10,Phoenix,MicroOrganism,Peptoscox,PEPNCOX,?,?,?,?
10,Phoenix,MicroOrganism,Peptosgor,PEPNGOR,?,?,?,?
10,Phoenix,MicroOrganism,Peptoshar,PEPSHAR,?,?,?,?
10,Phoenix,MicroOrganism,Peptosind,PEPSIND,?,?,?,?
10,Phoenix,MicroOrganism,Peptosivo,PEPSIVO,?,?,?,?
10,Phoenix,MicroOrganism,Peptoskoe,PEPNKOE,?,?,?,?
10,Phoenix,MicroOrganism,Peptoslac,PEPSLAR,?,?,?,?
10,Phoenix,MicroOrganism,Peptosols,PEPNOLS,?,?,?,?
10,Phoenix,MicroOrganism,Peptossen,PEPNSEN,?,?,?,?
10,Phoenix,MicroOrganism,Peptosspe,PEPNSPE,?,?,?,?
10,Phoenix,MicroOrganism,Peptostyr,PEPNTYR,?,?,?,?
10,Phoenix,MicroOrganism,Peptotana,PEPSANA,?,?,?,?
10,Phoenix,MicroOrganism,Peptotcan,PEPSCAN,?,?,?,?
10,Phoenix,MicroOrganism,Peptotspe,PEPSSPE,?,?,?,?
10,Phoenix,MicroOrganism,Peptotsto,PEPSSTO,?,?,?,?
10,Phoenix,MicroOrganism,Peribssim,BACISIM,?,?,?,?
10,Phoenix,MicroOrganism,Phocaacop,BACTCOC,?,?,?,?
10,Phoenix,MicroOrganism,Phocaacopp,BACTCOP,?,?,?,?
10,Phoenix,MicroOrganism,Phocaamas,BACTMAS,?,?,?,?
10,Phoenix,MicroOrganism,Phocaaple,BACTPLE,?,?,?,?
10,Phoenix,MicroOrganism,Phocaavul,BACTVUL,?,?,?,?
10,Phoenix,MicroOrganism,Phomaher,PHOMHER,?,?,?,?
10,Phoenix,MicroOrganism,Phomaspe,PHOMSPE,?,?,?,?
10,Phoenix,MicroOrganism,Photomdam,PHOBDAM,?,?,?,?
10,Phoenix,MicroOrganism,Photosasy,PHORASY,?,?,?,?
10,Phoenix,MicroOrganism,Photoslum,PHORLUM,?,?,?,?
10,Phoenix,MicroOrganism,Photostem,PHORTEM,?,?,?,?
10,Phoenix,MicroOrganism,Pichiacac,PICCAC,?,?,?,?
10,Phoenix,MicroOrganism,Pichiafer,PICFER,?,?,?,?
10,Phoenix,MicroOrganism,Pichiamem,PICMEM,?,?,?,?
10,Phoenix,MicroOrganism,Pichianor,CANNOR,?,?,?,?
10,Phoenix,MicroOrganism,Pichiater,PICTER,?,?,?,?
10,Phoenix,MicroOrganism,Plesisshi,PLESSH,?,?,?,?
10,Phoenix,MicroOrganism,Plesisspe,PLESPE,?,?,?,?
10,Phoenix,MicroOrganism,Plurarger,ENTEGE,?,?,?,?
10,Phoenix,MicroOrganism,Porphsasa,PORASA,?,?,?,?
10,Phoenix,MicroOrganism,Porphsben,PORBEN,?,?,?,?
10,Phoenix,MicroOrganism,Porphscat,PORCAT,?,?,?,?
10,Phoenix,MicroOrganism,Porphsend,POREND,?,?,?,?
10,Phoenix,MicroOrganism,Porphsgin,PORGIN,?,?,?,?
10,Phoenix,MicroOrganism,Porphslev,PORLEV,?,?,?,?
10,Phoenix,MicroOrganism,Porphsmac,PORMAC,?,?,?,?
10,Phoenix,MicroOrganism,Porphssom,PORSOM,?,?,?,?
10,Phoenix,MicroOrganism,Porphsspe,PORSPE,?,?,?,?
10,Phoenix,MicroOrganism,Porphsuen,PORUEN,?,?,?,?
10,Phoenix,MicroOrganism,Pragiafon,PRAFON,?,?,?,?
10,Phoenix,MicroOrganism,Prevoaamn,PREAMN,?,?,?,?
10,Phoenix,MicroOrganism,Prevoabar,PREBAR,?,?,?,?
10,Phoenix,MicroOrganism,Prevoaber,PREBER,?,?,?,?
10,Phoenix,MicroOrganism,Prevoabiv,PREBIV,?,?,?,?
10,Phoenix,MicroOrganism,Prevoabuc,PREBUE,?,?,?,?
10,Phoenix,MicroOrganism,Prevoabucl,PREBUL,?,?,?,?
10,Phoenix,MicroOrganism,Prevoacop,PRECOP,?,?,?,?
10,Phoenix,MicroOrganism,Prevoacor,PRECOR,?,?,?,?
10,Phoenix,MicroOrganism,Prevoaden,PREDEA,?,?,?,?
10,Phoenix,MicroOrganism,Prevoadeni,PREDEI,?,?,?,?
10,Phoenix,MicroOrganism,Prevoadis,PREDIS,?,?,?,?
10,Phoenix,MicroOrganism,Prevoahep,PREHEP,?,?,?,?
10,Phoenix,MicroOrganism,Prevoahis,PREHIS,?,?,?,?
10,Phoenix,MicroOrganism,Prevoaint,PREINT,?,?,?,?
10,Phoenix,MicroOrganism,Prevoajej,PREJEJ,?,?,?,?
10,Phoenix,MicroOrganism,Prevoaloe,PRELOE,?,?,?,?
10,Phoenix,MicroOrganism,Prevoamac,PREMAC,?,?,?,?
10,Phoenix,MicroOrganism,Prevoamar,PREMAR,?,?,?,?
10,Phoenix,MicroOrganism,Prevoamel,PREMEL,?,?,?,?
10,Phoenix,MicroOrganism,Prevoamic,PREMIC,?,?,?,?
10,Phoenix,MicroOrganism,Prevoamul,PREMUL,?,?,?,?
10,Phoenix,MicroOrganism,Prevoanan,PRENAN,?,?,?,?
10,Phoenix,MicroOrganism,Prevoanig,PRENIG,?,?,?,?
10,Phoenix,MicroOrganism,Prevoaora,PREORA,?,?,?,?
10,Phoenix,MicroOrganism,Prevoaori,PREORI,?,?,?,?
10,Phoenix,MicroOrganism,Prevoaoul,PREOUL,?,?,?,?
10,Phoenix,MicroOrganism,Prevoapal,PREPAL,?,?,?,?
10,Phoenix,MicroOrganism,Prevoasal,PRESAL,?,?,?,?
10,Phoenix,MicroOrganism,Prevoasha,PRESHA,?,?,?,?
10,Phoenix,MicroOrganism,Prevoaspe,PRESPE,?,?,?,?
10,Phoenix,MicroOrganism,Prevoaste,PRESTE,?,?,?,?
10,Phoenix,MicroOrganism,Prevoatim,PRETIM,?,?,?,?
10,Phoenix,MicroOrganism,Prevoaver,PREVER,?,?,?,?
10,Phoenix,MicroOrganism,Propimaci,PROBACF,?,?,?,?
10,Phoenix,MicroOrganism,Propimfre,PROBFRE,?,?,?,?
10,Phoenix,MicroOrganism,Propimspe,PROBSPE,?,?,?,?
10,Phoenix,MicroOrganism,Propixinn,PROFINN,?,?,?,?
10,Phoenix,MicroOrganism,Proteshau,PROTHA,?,?,?,?
10,Phoenix,MicroOrganism,Protesmir,PROTMI,?,?,?,?
10,Phoenix,MicroOrganism,Protespen,PROTPE,?,?,?,?
10,Phoenix,MicroOrganism,Protesspe,PROTSP,?,?,?,?
10,Phoenix,MicroOrganism,Protesvul,PROTVU,?,?,?,?
10,Phoenix,MicroOrganism,Protoaspe,PROHSPE,?,?,?,?
10,Phoenix,MicroOrganism,Protoawic,PROHWIC,?,?,?,?
10,Phoenix,MicroOrganism,Proviaalc,PROVAL,?,?,?,?
10,Phoenix,MicroOrganism,Proviahei,PROVHEI,?,?,?,?
10,Phoenix,MicroOrganism,Proviaret,PROVRE,?,?,?,?
10,Phoenix,MicroOrganism,Proviarus,PROVRU,?,?,?,?
10,Phoenix,MicroOrganism,Proviaspe,PROVSP,?,?,?,?
10,Phoenix,MicroOrganism,Proviastu,PROVST,?,?,?,?
10,Phoenix,MicroOrganism,Proviaver,PROVVER,?,?,?,?
10,Phoenix,MicroOrganism,Pseudaboy,PSABOY,?,?,?,?
10,Phoenix,MicroOrganism,Pseudivul,ESCHVU,?,?,?,?
10,Phoenix,MicroOrganism,Pseudgrcum,ARTCUM,?,?,?,?
10,Phoenix,MicroOrganism,Pseugymapan,PSEGPAN,?,?,?,?
10,Phoenix,MicroOrganism,Pseulagoo,LEPGOO,?,?,?,?
10,Phoenix,MicroOrganism,Pseudsaer,PSEUAE,?,?,?,?
10,Phoenix,MicroOrganism,Pseudsalc,PSEUAL,?,?,?,?
10,Phoenix,MicroOrganism,Pseudscom,PSECOM,?,?,?,?
10,Phoenix,MicroOrganism,Pseudsflu,PSEUFL,?,?,?,?
10,Phoenix,MicroOrganism,Pseudsluto,PSEULU,?,?,?,?
10,Phoenix,MicroOrganism,Pseudsmen,PSEUME,?,?,?,?
10,Phoenix,MicroOrganism,Pseudsmon,PSEUMO,?,?,?,?
10,Phoenix,MicroOrganism,Pseudsory,PSEUOR,?,?,?,?
10,Phoenix,MicroOrganism,Pseudsoti,PSEUOT,?,?,?,?
10,Phoenix,MicroOrganism,Pseudsper,PSEPER,?,?,?,?
10,Phoenix,MicroOrganism,Pseudsput,PSEUPU,?,?,?,?
10,Phoenix,MicroOrganism,Pseudsspe,PSEUSP,?,?,?,?
10,Phoenix,MicroOrganism,Pseudsstu,PSEUST,?,?,?,?
10,Phoenix,MicroOrganism,Pseudsver,PSEVER,?,?,?,?
10,Phoenix,MicroOrganism,Psychrimm,PSYIMM,?,?,?,?
10,Phoenix,MicroOrganism,Psychrsan,PSYSAN,?,?,?,?
10,Phoenix,MicroOrganism,Psychrspe,PSYSPE,?,?,?,?
10,Phoenix,MicroOrganism,Purpumlil,PURLIL,?,?,?,?
10,Phoenix,MicroOrganism,Rahneaaqu,RAHNAQ,?,?,?,?
10,Phoenix,MicroOrganism,Ralstains,RALINS,?,?,?,?
10,Phoenix,MicroOrganism,Ralstapic,BURKPI,?,?,?,?
10,Phoenix,MicroOrganism,Ralstaspe,Ralssp,?,?,?,?
10,Phoenix,MicroOrganism,Raoulaorn,Klebor,?,?,?,?
10,Phoenix,MicroOrganism,Raoulapla,KLEBPL,?,?,?,?
10,Phoenix,MicroOrganism,Raoulaspe,RAOUSP,?,?,?,?
10,Phoenix,MicroOrganism,Raoulater,KLEBTE,?,?,?,?
10,Phoenix,MicroOrganism,Rasamaarg,RASARG,?,?,?,?
10,Phoenix,MicroOrganism,Rhizorpus,RHIMPUS,?,?,?,?
10,Phoenix,MicroOrganism,Rhizosmic,RHIPMIC,?,?,?,?
10,Phoenix,MicroOrganism,Rhizosspe,RHIPSPE,?,?,?,?
10,Phoenix,MicroOrganism,Rhodoscop,RHOCCOP,?,?,?,?
10,Phoenix,MicroOrganism,Rhodosequ,RHODEQ,?,?,?,?
10,Phoenix,MicroOrganism,Rhodosery,RHOCERY,?,?,?,?
10,Phoenix,MicroOrganism,Rhodosfas,RHOCFAS,?,?,?,?
10,Phoenix,MicroOrganism,Rhodosglo,RHOCGLO,?,?,?,?
10,Phoenix,MicroOrganism,Rhodosrho,RHOCRHO,?,?,?,?
10,Phoenix,MicroOrganism,Rhodosspe,RHOCSPE,?,?,?,?
10,Phoenix,MicroOrganism,Rhodoswra,TSUWRA,?,?,?,?
10,Phoenix,MicroOrganism,Rhodoaglu,RHOTGLU,?,?,?,?
10,Phoenix,MicroOrganism,Rhodoamuc,RHOTMUC,?,?,?,?
10,Phoenix,MicroOrganism,Rhodoaspe,RHOTSPE,?,?,?,?
10,Phoenix,MicroOrganism,Riemeaana,RIEANA,?,?,?,?
10,Phoenix,MicroOrganism,Robinapeo,ROBPEO,?,?,?,?
10,Phoenix,MicroOrganism,Rodenrpne,PASTPN,?,?,?,?
10,Phoenix,MicroOrganism,Roseosmuc,ROSMUC,?,?,?,?
10,Phoenix,MicroOrganism,Roseosspe,ROSSPE,?,?,?,?
10,Phoenix,MicroOrganism,Rothiaaer,ROTAER,?,?,?,?
10,Phoenix,MicroOrganism,Rothiaden,ROTDEN,?,?,?,?
10,Phoenix,MicroOrganism,Rothiakor,ROTKOR,?,?,?,?
10,Phoenix,MicroOrganism,Rothiakri,KOCUKR,?,?,?,?
10,Phoenix,MicroOrganism,Rothiamuc,STOMUC,?,?,?,?
10,Phoenix,MicroOrganism,Rothiaspe,ROTSPE,?,?,?,?
10,Phoenix,MicroOrganism,Ruminmcell,CLOCEO,?,?,?,?
10,Phoenix,MicroOrganism,Ruminsgna,RUMGNA,?,?,?,?
10,Phoenix,MicroOrganism,Ruminsspe,RUMSPE,?,?,?,?
10,Phoenix,MicroOrganism,Sacchscer,SACCER,?,?,?,?
10,Phoenix,MicroOrganism,Saitoafla,SAIFLA,?,?,?,?
10,Phoenix,MicroOrganism,Salmoapar-A,SALMPT,?,?,?,?
10,Phoenix,MicroOrganism,Salmoatyp,SALMTP,?,?,?,?
10,Phoenix,MicroOrganism,Salmoaentt,SALMEN,?,?,?,?
10,Phoenix,MicroOrganism,Salmoapar-B,SALMPB,?,?,?,?
10,Phoenix,MicroOrganism,Salmoaspe,SALMSP,?,?,?,?
10,Phoenix,MicroOrganism,Salmoatypm,SALMTY,?,?,?,?
10,Phoenix,MicroOrganism,Scedomaur,SCEAUR,?,?,?,?
10,Phoenix,MicroOrganism,Scedomboy,SCEBOY,?,?,?,?
10,Phoenix,MicroOrganism,Scedomspe,SCESPE,?,?,?,?
10,Phoenix,MicroOrganism,Schaaacan,ACTMCAN,?,?,?,?
10,Phoenix,MicroOrganism,Schaaacar,ACTMCAR,?,?,?,?
10,Phoenix,MicroOrganism,Schaaafun,ACTMFUN,?,?,?,?
10,Phoenix,MicroOrganism,Schaaageo,ACTMGEO,?,?,?,?
10,Phoenix,MicroOrganism,Schaaahyo,ACTMHYO,?,?,?,?
10,Phoenix,MicroOrganism,Schaaamey,ACTMMEY,?,?,?,?
10,Phoenix,MicroOrganism,Schaaaodo,ACTMODO,?,?,?,?
10,Phoenix,MicroOrganism,Schaaarad,ACTMRAD,?,?,?,?
10,Phoenix,MicroOrganism,Schaaaspe,SCHASPE,?,?,?,?
10,Phoenix,MicroOrganism,Schaaatur,ACTMTUR,?,?,?,?
10,Phoenix,MicroOrganism,Schwasetc,SCHWETC,?,?,?,?
10,Phoenix,MicroOrganism,Scopusspe,SCOSPE,?,?,?,?
10,Phoenix,MicroOrganism,Scytamlig,SCYLIG,?,?,?,?
10,Phoenix,MicroOrganism,Scytamspe,SCYSPE,?,?,?,?
10,Phoenix,MicroOrganism,Selensart,SELART,?,?,?,?
10,Phoenix,MicroOrganism,Selensinf,SELINF,?,?,?,?
10,Phoenix,MicroOrganism,Selensspe,SELSPE,?,?,?,?
10,Phoenix,MicroOrganism,Selensspu,SELSPU,?,?,?,?
10,Phoenix,MicroOrganism,Serraaent,SERENT,?,?,?,?
10,Phoenix,MicroOrganism,Serraafic,SERFIC,?,?,?,?
10,Phoenix,MicroOrganism,Serraafon,SERRFO,?,?,?,?
10,Phoenix,MicroOrganism,Serraagri,SERGRI,?,?,?,?
10,Phoenix,MicroOrganism,Serraaliq,SERRLI,?,?,?,?
10,Phoenix,MicroOrganism,Serraamar,SERRMA,?,?,?,?
10,Phoenix,MicroOrganism,Serraaodo,SERROD,?,?,?,?
10,Phoenix,MicroOrganism,Serraaply,SERRPL,?,?,?,?
10,Phoenix,MicroOrganism,Serraapro,SERPRO,?,?,?,?
10,Phoenix,MicroOrganism,Serraarub,SERRRU,?,?,?,?
10,Phoenix,MicroOrganism,Serraaspe,SERRSP,?,?,?,?
10,Phoenix,MicroOrganism,Shewaaalg,SHEWAL,?,?,?,?
10,Phoenix,MicroOrganism,Shewaaput,SHEWPU,?,?,?,?
10,Phoenix,MicroOrganism,Shewaaspe,SHESPE,?,?,?,?
10,Phoenix,MicroOrganism,Shigeaboy,SHIGBO,?,?,?,?
10,Phoenix,MicroOrganism,Shigeadys,SHIGDY,?,?,?,?
10,Phoenix,MicroOrganism,Shigeafle,SHIGFL,?,?,?,?
10,Phoenix,MicroOrganism,Shigeason,SHIGSO,?,?,?,?
10,Phoenix,MicroOrganism,Shigeaspe,SHIGSP,?,?,?,?
10,Phoenix,MicroOrganism,Shimwabla,ESCBLA,?,?,?,?
10,Phoenix,MicroOrganism,Siccircol,SICCOL,?,?,?,?
10,Phoenix,MicroOrganism,Slackaexi,EUBEXI,?,?,?,?
10,Phoenix,MicroOrganism,Slackahel,PEPSHEL,?,?,?,?
10,Phoenix,MicroOrganism,Solicater,CRYTER,?,?,?,?
10,Phoenix,MicroOrganism,Solobmmoo,SOLMOO,?,?,?,?
10,Phoenix,MicroOrganism,Sphinbfae,SPHBFAE,?,?,?,?
10,Phoenix,MicroOrganism,Sphinbmiz,FLAOMIZ,?,?,?,?
10,Phoenix,MicroOrganism,Sphinbmul,SPHIMU,?,?,?,?
10,Phoenix,MicroOrganism,Sphinbspe,SPHBSPE,?,?,?,?
10,Phoenix,MicroOrganism,Sphinbspi,SPHBSPI,?,?,?,?
10,Phoenix,MicroOrganism,Sphinbtha,SPHBTHA,?,?,?,?
10,Phoenix,MicroOrganism,Sphinmsci,SPHISCI,?,?,?,?
10,Phoenix,MicroOrganism,Sphinmyan,SPHIYAN,?,?,?,?
10,Phoenix,MicroOrganism,Sphinsaer,SPHMAER,?,?,?,?
10,Phoenix,MicroOrganism,Sphinspau,SPHIPA,?,?,?,?
10,Phoenix,MicroOrganism,Sphinssan,SPHMSAN,?,?,?,?
10,Phoenix,MicroOrganism,Sphinsspe,SPHMSPE,?,?,?,?
10,Phoenix,MicroOrganism,Spirochete,SPRC,?,?,?,?
10,Phoenix,MicroOrganism,Sporoanew,SPOSNEW,?,?,?,?
10,Phoenix,MicroOrganism,Sporoxsch,SPOTSCH,?,?,?,?
10,Phoenix,MicroOrganism,Staphsarg,STAARG,?,?,?,?
10,Phoenix,MicroOrganism,Staphsarl,STAARL,?,?,?,?
10,Phoenix,MicroOrganism,Staphsaur,STAPAU,?,?,?,?
10,Phoenix,MicroOrganism,Staphsauri,STAPAR,?,?,?,?
10,Phoenix,MicroOrganism,Staphscap,STAPCA,?,?,?,?
10,Phoenix,MicroOrganism,Staphscapr,STAPCP,?,?,?,?
10,Phoenix,MicroOrganism,Staphscar,STACAR,?,?,?,?
10,Phoenix,MicroOrganism,Staphschr,STAPCH,?,?,?,?
10,Phoenix,MicroOrganism,Staphscoa,STASCHC,?,?,?,?
10,Phoenix,MicroOrganism,Staphscoh,STAPCN,?,?,?,?
10,Phoenix,MicroOrganism,Staphscon,STAPCO,?,?,?,?
10,Phoenix,MicroOrganism,Staphsdel,STADEL,?,?,?,?
10,Phoenix,MicroOrganism,Staphsepi,STAPEP,?,?,?,?
10,Phoenix,MicroOrganism,Staphsequ,STAEQU,?,?,?,?
10,Phoenix,MicroOrganism,Staphsfel,STAFEL,?,?,?,?
10,Phoenix,MicroOrganism,Staphshae,STAPHA,?,?,?,?
10,Phoenix,MicroOrganism,Staphshom,STAPHO,?,?,?,?
10,Phoenix,MicroOrganism,Staphshyi,STAPHY,?,?,?,?
10,Phoenix,MicroOrganism,Staphsint,STAPIN,?,?,?,?
10,Phoenix,MicroOrganism,Staphsklo,STAKLO,?,?,?,?
10,Phoenix,MicroOrganism,Staphslug,STAPLU,?,?,?,?
10,Phoenix,MicroOrganism,Staphslut,STALUT,?,?,?,?
10,Phoenix,MicroOrganism,Staphsmas,STAMAS,?,?,?,?
10,Phoenix,MicroOrganism,Staphsmus,STAMUS,?,?,?,?
10,Phoenix,MicroOrganism,Staphsnep,STANEP,?,?,?,?
10,Phoenix,MicroOrganism,Staphspas,STAPPA,?,?,?,?
10,Phoenix,MicroOrganism,Staphspet,STAPER,?,?,?,?
10,Phoenix,MicroOrganism,Staphspett,STAPPE,?,?,?,?
10,Phoenix,MicroOrganism,Staphspis,STAPIS,?,?,?,?
10,Phoenix,MicroOrganism,Staphspse,*,?,?,?,?
10,Phoenix,MicroOrganism,Staphssac,STASAC,?,?,?,?
10,Phoenix,MicroOrganism,Staphssap,STAPSA,?,?,?,?
10,Phoenix,MicroOrganism,Staphssch,STAPSC,?,?,?,?
10,Phoenix,MicroOrganism,Staphsschw,STASCHW,?,?,?,?
10,Phoenix,MicroOrganism,Macroscas,STACAS,?,?,?,?
10,Phoenix,MicroOrganism,Staphssimu,STAPSIM,?,?,?,?
10,Phoenix,MicroOrganism,Staphsspe,STAPSP,?,?,?,?
10,Phoenix,MicroOrganism,Staphssuc,STASUC,?,?,?,?
10,Phoenix,MicroOrganism,Staphswar,STAPWA,?,?,?,?
10,Phoenix,MicroOrganism,Staphsxyl,STAPXY,?,?,?,?
10,Phoenix,MicroOrganism,Starmamag,CANMAG,?,?,?,?
10,Phoenix,MicroOrganism,Stenosmal,STENMA,?,?,?,?
10,Phoenix,MicroOrganism,Stenosspe,STESPE,?,?,?,?
10,Phoenix,MicroOrganism,Strepbmon,STRBMON,?,?,?,?
10,Phoenix,MicroOrganism,Strepsaci,STREAC,?,?,?,?
10,Phoenix,MicroOrganism,Strepsala,STRALA,?,?,?,?
10,Phoenix,MicroOrganism,Strepsang,STREAN,?,?,?,?
10,Phoenix,MicroOrganism,Strepsaus,STRAUS,?,?,?,?
10,Phoenix,MicroOrganism,Strepscan,STRCAN,?,?,?,?
10,Phoenix,MicroOrganism,Strepscas,STRCAS,?,?,?,?
10,Phoenix,MicroOrganism,Strepscon,STRECO,?,?,?,?
10,Phoenix,MicroOrganism,Strepscri,STRCRC,?,?,?,?
10,Phoenix,MicroOrganism,Strepscris,STRCRS,?,?,?,?
10,Phoenix,MicroOrganism,Strepsdow,STRDOW,?,?,?,?
10,Phoenix,MicroOrganism,Strepsdys,STRDYS,?,?,?,?
10,Phoenix,MicroOrganism,Strepsequ,STREQU,?,?,?,?
10,Phoenix,MicroOrganism,Strepsequn,STREEQ,?,?,?,?
10,Phoenix,MicroOrganism,Strepsfer,STRFER,?,?,?,?
10,Phoenix,MicroOrganism,Strepsgal,STRGAL,?,?,?,?
10,Phoenix,MicroOrganism,Strepsgor,STRGOR,?,?,?,?
10,Phoenix,MicroOrganism,Strepshyo,STRHYO,?,?,?,?
10,Phoenix,MicroOrganism,Strepshyov,STRHYV,?,?,?,?
10,Phoenix,MicroOrganism,Strepsinf,STRINA,?,?,?,?
10,Phoenix,MicroOrganism,Strepsinfi,STRINF,?,?,?,?
10,Phoenix,MicroOrganism,Strepsini,STRINI,?,?,?,?
10,Phoenix,MicroOrganism,Strepsint,STREIN,?,?,?,?
10,Phoenix,MicroOrganism,Strepslut,STRLUT,?,?,?,?
10,Phoenix,MicroOrganism,Strepsmas,STRMAS,?,?,?,?
10,Phoenix,MicroOrganism,Strepsmin,STRMIN,?,?,?,?
10,Phoenix,MicroOrganism,Strepsmit,STRMIT,?,?,?,?
10,Phoenix,MicroOrganism,Strepsmut,STREMU,?,?,?,?
10,Phoenix,MicroOrganism,Strepsora,STREOR,?,?,?,?
10,Phoenix,MicroOrganism,Strepsori,STRORI,?,?,?,?
10,Phoenix,MicroOrganism,Strepspar,STRPAR,?,?,?,?
10,Phoenix,MicroOrganism,Strepsparu,STRPUB,?,?,?,?
10,Phoenix,MicroOrganism,Strepsper,STRPER,?,?,?,?
10,Phoenix,MicroOrganism,Strepsplu,STRPLU,?,?,?,?
10,Phoenix,MicroOrganism,Strepspne,STREPN,?,?,?,?
10,Phoenix,MicroOrganism,Strepspor,STRPOR,?,?,?,?
10,Phoenix,MicroOrganism,Strepspse,STRPSE,?,?,?,?
10,Phoenix,MicroOrganism,Strepspseo,STRPPO,?,?,?,?
10,Phoenix,MicroOrganism,Strepsrat,STRRAT,?,?,?,?
10,Phoenix,MicroOrganism,Strepssal,STRESL,?,?,?,?
10,Phoenix,MicroOrganism,Strepssan,STRESA,?,?,?,?
10,Phoenix,MicroOrganism,Strepssin,STRSIN,?,?,?,?
10,Phoenix,MicroOrganism,Strepssob,STRSOB,?,?,?,?
10,Phoenix,MicroOrganism,Strepsspe,STRSPE,?,?,?,?
10,Phoenix,MicroOrganism,Strepssui,STRSUI,?,?,?,?
10,Phoenix,MicroOrganism,Strepstho,STRTHO,?,?,?,?
10,Phoenix,MicroOrganism,Strepsube,STRUBE,?,?,?,?
10,Phoenix,MicroOrganism,Strepsuri,STRURI,?,?,?,?
10,Phoenix,MicroOrganism,Strepsves,STRVES,?,?,?,?
10,Phoenix,MicroOrganism,Strepmbob,STRMBOB,?,?,?,?
10,Phoenix,MicroOrganism,Strepmspe,STRMSPE,?,?,?,?
10,Phoenix,MicroOrganism,Sutteapar,SUTEPAR,?,?,?,?
10,Phoenix,MicroOrganism,Sutteaspe,SUTESPE,?,?,?,?
10,Phoenix,MicroOrganism,Sutteawad,SUTEWAD,?,?,?,?
10,Phoenix,MicroOrganism,Suttoaind,SUTIND,?,?,?,?
10,Phoenix,MicroOrganism,Suttoaspe,SUTSPE,?,?,?,?
10,Phoenix,MicroOrganism,Syncemrac,SYNRAC,?,?,?,?
10,Phoenix,MicroOrganism,Talarsfun,TALFUN,?,?,?,?
10,Phoenix,MicroOrganism,Talarspse,TALPSE,?,?,?,?
10,Phoenix,MicroOrganism,Talarsspe,TALSPE,?,?,?,?
10,Phoenix,MicroOrganism,Tatumapty,TATUPT,?,?,?,?
10,Phoenix,MicroOrganism,Tatumaspe,TATSPE,?,?,?,?
10,Phoenix,MicroOrganism,Terrirgly,CLOGLY,?,?,?,?
10,Phoenix,MicroOrganism,Tetrassol,ENTCSOL,?,?,?,?
10,Phoenix,MicroOrganism,Tetrasspe,TETSPE,?,?,?,?
10,Phoenix,MicroOrganism,Tissiapra,TISPRA,?,?,?,?
10,Phoenix,MicroOrganism,Trabuagua,TRAGUA,?,?,?,?
10,Phoenix,MicroOrganism,Trichalon,TRIDLON,?,?,?,?
10,Phoenix,MicroOrganism,Trichaspe,TRIDSPE,?,?,?,?
10,Phoenix,MicroOrganism,Trichscif,TRIMCIF,?,?,?,?
10,Phoenix,MicroOrganism,Trichtben,TRPHBEN,?,?,?,?
10,Phoenix,MicroOrganism,Trichtequ,TRPHEQU,?,?,?,?
10,Phoenix,MicroOrganism,Trichtmeri,TRPHERI,?,?,?,?
10,Phoenix,MicroOrganism,Trichtint,TRPHINT,?,?,?,?
10,Phoenix,MicroOrganism,Trichtmen,TRPHMEN,?,?,?,?
10,Phoenix,MicroOrganism,Trichtrub,TRPHRUB,?,?,?,?
10,Phoenix,MicroOrganism,Trichtspe,TRPHSPE,?,?,?,?
10,Phoenix,MicroOrganism,Trichtton,TRPHTON,?,?,?,?
10,Phoenix,MicroOrganism,Trichtver,TRPHVER,?,?,?,?
10,Phoenix,MicroOrganism,Trichtvio,TRPHVIO,?,?,?,?
10,Phoenix,MicroOrganism,Trichnasa,TRIASA,?,?,?,?
10,Phoenix,MicroOrganism,Trichnast,TRIAST,?,?,?,?
10,Phoenix,MicroOrganism,Trichnbei,TRIBEI,?,?,?,?
10,Phoenix,MicroOrganism,Trichncor,TRICOR,?,?,?,?
10,Phoenix,MicroOrganism,Trichndoh,TRIDOH,?,?,?,?
10,Phoenix,MicroOrganism,Trichnfae,TRIFAE,?,?,?,?
10,Phoenix,MicroOrganism,Trichnink,TRIINK,?,?,?,?
10,Phoenix,MicroOrganism,Trichnovo,TRIOVO,?,?,?,?
10,Phoenix,MicroOrganism,Trichnspe,TRISPE,?,?,?,?
10,Phoenix,MicroOrganism,Truepaber,ARCABER,?,?,?,?
10,Phoenix,MicroOrganism,Truepapyo,ACTMPYO,?,?,?,?
10,Phoenix,MicroOrganism,Tsukaainc,TSUINC,?,?,?,?
10,Phoenix,MicroOrganism,Tsukaapau,TSUPAU,?,?,?,?
10,Phoenix,MicroOrganism,Tsukaaspe,TSUSPE,?,?,?,?
10,Phoenix,MicroOrganism,Ureibsmas,LYSMAS,?,?,?,?
10,Phoenix,MicroOrganism,Vagocsflu,VAGFLU,?,?,?,?
10,Phoenix,MicroOrganism,Vagocsspe,VAGSPE,?,?,?,?
10,Phoenix,MicroOrganism,Varibmcam,VARCAM,?,?,?,?
10,Phoenix,MicroOrganism,Varibmspe,VARSPE,?,?,?,?
10,Phoenix,MicroOrganism,Veillaaty,VEIATY,?,?,?,?
10,Phoenix,MicroOrganism,Veilladen,VEIDEN,?,?,?,?
10,Phoenix,MicroOrganism,Veilladis,VEIDIS,?,?,?,?
10,Phoenix,MicroOrganism,Veillamon,VEIMON,?,?,?,?
10,Phoenix,MicroOrganism,Veillapar,VEIPAR,?,?,?,?
10,Phoenix,MicroOrganism,Veillarog,VEIROG,?,?,?,?
10,Phoenix,MicroOrganism,Veillaspe,VEISPE,?,?,?,?
10,Phoenix,MicroOrganism,Vibrioalg,VIBRAL,?,?,?,?
10,Phoenix,MicroOrganism,Vibriocho,VIBRCH,?,?,?,?
10,Phoenix,MicroOrganism,Vibriocin,VIBCIN,?,?,?,?
10,Phoenix,MicroOrganism,Vibrioflu,VIBRFL,?,?,?,?
10,Phoenix,MicroOrganism,Vibriofur,VIBFUR,?,?,?,?
10,Phoenix,MicroOrganism,Vibriohar,VIBHAR,?,?,?,?
10,Phoenix,MicroOrganism,Vibriomet,VIBMET,?,?,?,?
10,Phoenix,MicroOrganism,Vibriomim,VIBMIM,?,?,?,?
10,Phoenix,MicroOrganism,Vibriopar,VIBRPA,?,?,?,?
10,Phoenix,MicroOrganism,Vibriospe,VIBSPE,?,?,?,?
10,Phoenix,MicroOrganism,Vibriovul,VIBRVU,?,?,?,?
10,Phoenix,MicroOrganism,Virgispan,VIRPAN,?,?,?,?
10,Phoenix,MicroOrganism,Weeksavir,WEEVIR,?,?,?,?
10,Phoenix,MicroOrganism,Weissacon,WEICON,?,?,?,?
10,Phoenix,MicroOrganism,Weissavir,WEIVIR,?,?,?,?
10,Phoenix,MicroOrganism,Wickeainf,WICINF,?,?,?,?
10,Phoenix,MicroOrganism,Wickeapar,CANPARR,?,?,?,?
10,Phoenix,MicroOrganism,Wickeaver,CANVER,?,?,?,?
10,Phoenix,MicroOrganism,Wickesano,HANANO,?,?,?,?
10,Phoenix,MicroOrganism,Winkianeu,ACTMNEU,?,?,?,?
10,Phoenix,MicroOrganism,Wohlfschi,WOHCHI,?,?,?,?
10,Phoenix,MicroOrganism,Wolinasuc,WOLISUC,?,?,?,?
10,Phoenix,MicroOrganism,Xenorsbed,XENBED,?,?,?,?
10,Phoenix,MicroOrganism,Xenorsbov,XENBOV,?,?,?,?
10,Phoenix,MicroOrganism,Xenorsnem,XENNEM,?,?,?,?
10,Phoenix,MicroOrganism,Xenorspoi,XENPOI,?,?,?,?
10,Phoenix,MicroOrganism,Yarroalip,YARLIP,?,?,?,?
10,Phoenix,MicroOrganism,Yersiaald,YERALD,?,?,?,?
10,Phoenix,MicroOrganism,Yersiaale,YERALE,?,?,?,?
10,Phoenix,MicroOrganism,Yersiaber,YERBER,?,?,?,?
10,Phoenix,MicroOrganism,Yersiaent,YERSEN,?,?,?,?
10,Phoenix,MicroOrganism,Yersiafre,YERSFR,?,?,?,?
10,Phoenix,MicroOrganism,Yersiaint,YERSIN,?,?,?,?
10,Phoenix,MicroOrganism,Yersiakri,YERSKI,?,?,?,?
10,Phoenix,MicroOrganism,Yersiamol,YERSMO,?,?,?,?
10,Phoenix,MicroOrganism,Yersiapes,YERPES,?,?,?,?
10,Phoenix,MicroOrganism,Yersiapse,YERSPS,?,?,?,?
10,Phoenix,MicroOrganism,Yersiaroh,YERROH,?,?,?,?
10,Phoenix,MicroOrganism,Yersiaruc,YERRUC,?,?,?,?
10,Phoenix,MicroOrganism,Yersiapes,YERPES,?,?,?,?
10,Phoenix,MicroOrganism,Yokenareg,YOKREG,?,?,?,?
10,Phoenix,MicroOrganism,Zygossbai,ZYGBAI,?,?,?,?
10,Phoenix,MicroOrganism,Zygossspe,ZYGSPE,?,?,?,?
10,Phoenix,Antibiotic,AMIKA,AMI,?,?,?,?
10,Phoenix,Antibiotic,AMOXI,AMX,?,?,?,?
10,Phoenix,Antibiotic,AUGMEN,AUG,?,?,?,?
10,Phoenix,Antibiotic,AMPI,AMO,?,?,?,?
10,Phoenix,Antibiotic,AZITHRO,AZI,?,?,?,?
10,Phoenix,Antibiotic,AZTREO,AZT,?,?,?,?
10,Phoenix,Antibiotic,CASPOFUN,CAS,?,?,?,?
10,Phoenix,Antibiotic,CEFAZOLI,CEZ,?,?,?,?
10,Phoenix,Antibiotic,CEFEPIME,FEP,?,?,?,?
10,Phoenix,Antibiotic,CEFIDER,FDC,?,?,?,?
10,Phoenix,Antibiotic,CEFOTAX,CET,?,?,?,?
10,Phoenix,Antibiotic,CEFOX,CEX,?,?,?,?
10,Phoenix,Antibiotic,CEFTAROL,CPT,?,?,?,?
10,Phoenix,Antibiotic,CEFTAZI,CFT,?,?,?,?
10,Phoenix,Antibiotic,CEFTO-TZ,CT,?,?,?,?
10,Phoenix,Antibiotic,CEFTRIAX,CTX,?,?,?,?
10,Phoenix,Antibiotic,CEFUROX,CER,?,?,?,?
10,Phoenix,Antibiotic,CHLOORAM,CHL,?,?,?,?
10,Phoenix,Antibiotic,CIPRO,CIP,?,?,?,?
10,Phoenix,Antibiotic,CLARITRO,CLA,?,?,?,?
10,Phoenix,Antibiotic,CLINDA,CLI,?,?,?,?
10,Phoenix,Antibiotic,COLISTIN,COL,?,?,?,?
10,Phoenix,Antibiotic,DAPTO,DAP,?,?,?,?
10,Phoenix,Antibiotic,DOXY,D,?,?,?,?
10,Phoenix,Antibiotic,ERAVACYC,ERV,?,?,?,?
10,Phoenix,Antibiotic,ERTAPEN,ETP,?,?,?,?
10,Phoenix,Antibiotic,ERYTRO,ERY,?,?,?,?
10,Phoenix,Antibiotic,ETHAMBUT,EM,?,?,?,?
10,Phoenix,Antibiotic,FLUCONA,FCA,?,?,?,?
10,Phoenix,Antibiotic,FOSFO,FOS,?,?,?,?
10,Phoenix,Antibiotic,FUSIDINE,FUC,?,?,?,?
10,Phoenix,Antibiotic,GENTA,GEN,?,?,?,?
10,Phoenix,Antibiotic,GENTAHIG,GMH,?,?,?,?
10,Phoenix,Antibiotic,IMIPENEM,IPM,?,?,?,?
10,Phoenix,Antibiotic,INH,INH,?,?,?,?
10,Phoenix,Antibiotic,LEVOFLOX,LEV,?,?,?,?
10,Phoenix,Antibiotic,LINEZOL,LIN,?,?,?,?
10,Phoenix,Antibiotic,MEROPEM,MER,?,?,?,?
10,Phoenix,Antibiotic,MEROP-VB,MEV,?,?,?,?
10,Phoenix,Antibiotic,METRONI,MET,?,?,?,?
10,Phoenix,Antibiotic,MICAFUN,MS,?,?,?,?
10,Phoenix,Antibiotic,MINOCYCL,MI,?,?,?,?
10,Phoenix,Antibiotic,MOXIFLOX,MXF,?,?,?,?
10,Phoenix,Antibiotic,MUPI,MUP,?,?,?,?
10,Phoenix,Antibiotic,MUPI-HIG,MUH,?,?,?,?
10,Phoenix,Antibiotic,NITROFUR,NIT,?,?,?,?
10,Phoenix,Antibiotic,NORFLOX,NOR,?,?,?,?
10,Phoenix,Antibiotic,OXACIL,OXA,?,?,?,?
10,Phoenix,Antibiotic,PENICIL,PEN,?,?,?,?
10,Phoenix,Antibiotic,PIPERA,PIP,?,?,?,?
10,Phoenix,Antibiotic,PIP-TAZO,PTZ,?,?,?,?
10,Phoenix,Antibiotic,PYRAZINA,PZA,?,?,?,?
10,Phoenix,Antibiotic,RIFAMPI,RFA,?,?,?,?
10,Phoenix,Antibiotic,TEICO,TEI,?,?,?,?
10,Phoenix,Antibiotic,TEMOC,TEM,?,?,?,?
10,Phoenix,Antibiotic,TETRA,TET,?,?,?,?
10,Phoenix,Antibiotic,TIGECYCL,TIG,?,?,?,?
10,Phoenix,Antibiotic,TOBRA,TOB,?,?,?,?
10,Phoenix,Antibiotic,TRIM,TRI,?,?,?,?
10,Phoenix,Antibiotic,CO-TRIM,COT,?,?,?,?
10,Phoenix,Antibiotic,VANCO,VAN,?,?,?,?
10,Phoenix,Antibiotic,VORICONA,VOR,?,?,?,?
10,Phoenix,MicroOrganismTest,iMLSb,iMLSb,?,?,?,?
10,Phoenix,MicroOrganismTest,MLSb,MLSb,?,?,?,?
10,Phoenix,MicroOrganismTest,PMIC-90,PMIC-90,?,?,?,?
10,Phoenix,MicroOrganismTest,NMIC-408,NMIC-408,?,?,?,?
10,Phoenix,MicroOrganismTest,UNMIC-409,UNMIC-409,?,?,?,?
